{
  "appInfo" : {
    "build" : "243.25659.45",
    "buildDate" : "2025-02-27T09:16:00Z[UTC]",
    "productCode" : "PS",
    "generated" : "2025-04-12T06:27:55.7163341Z",
    "os" : "Windows 11.0",
    "runtime" : "JetBrains s.r.o. 21.0.6 21.0.6+8-b631.39"
  },
  "runtimeInfo" : {
    "maxMemory" : 2147483648,
    "numberOfProcessors" : 8,
    "maxNumberOfIndexingThreads" : 8,
    "maxSizeOfFileForIntelliSense" : 2560000,
    "maxSizeOfFileForContentLoading" : 20971520
  },
  "type" : "Scanning",
  "projectIndexingActivityHistory" : {
    "projectName" : "api-ebelanja-v2",
    "times" : {
      "scanningReason" : "On project open",
      "scanningType" : "FULL_ON_PROJECT_OPEN",
      "scanningId" : 0,
      "creatingIteratorsTime" : 0,
      "concurrentHandlingWallTimeWithoutPauses" : 0,
      "concurrentHandlingWallTimeWithPauses" : 0,
      "concurrentHandlingSumOfThreadTimesWithPauses" : 47662520401,
      "concurrentIterationAndScannersApplicationSumOfThreadTimesWithPauses" : 24089723800,
      "concurrentFileCheckSumOfThreadTimesWithPauses" : 23513073398,
      "delayedPushPropertiesStageTime" : 0,
      "indexExtensionsTime" : 569671015,
      "dumbWallTimeWithPauses" : 0,
      "dumbWallTimeWithoutPauses" : 0,
      "updatingStart" : "2025-04-12T06:27:33.7023525Z",
      "updatingEnd" : "2025-04-12T06:27:55.7094201Z",
      "totalWallTimeWithPauses" : 22007067600,
      "wallTimeOnPause" : 9973700,
      "wasInterrupted" : false,
      "totalWallTimeWithoutPauses" : 21997093900
    },
    "fileCount" : {
      "numberOfFileProviders" : 10,
      "numberOfScannedFiles" : 15664,
      "numberOfFilesIndexedByInfrastructureExtensionsDuringScan" : 0,
      "numberOfFilesScheduledForIndexingAfterScan" : 15629
    },
    "scanningStatistics" : [ {
      "providerName" : "External roots from entity (empty; empty; composer, php-amqplib, phpoption, ...; empty)",
      "numberOfScannedFiles" : 10658,
      "numberOfSkippedFiles" : 0,
      "numberOfFilesForIndexing" : 10658,
      "numberOfFilesFullyIndexedByInfrastructureExtensions" : 0,
      "filesFullyIndexedByInfrastructureExtensions" : [ ],
      "statusTime" : 6172515308,
      "totalOneThreadTimeWithPauses" : 21420468600,
      "iterationAndScannersApplicationTime" : 12027246400,
      "filesCheckTime" : 9392197600,
      "timeProcessingUpToDateFiles" : 0,
      "timeUpdatingContentLessIndexes" : 4532743028,
      "timeIndexingWithoutContentViaInfrastructureExtension" : 371704057,
      "roots" : [ ]
    }, {
      "providerName" : "Module 'api' (all roots)",
      "numberOfScannedFiles" : 4441,
      "numberOfSkippedFiles" : 0,
      "numberOfFilesForIndexing" : 4406,
      "numberOfFilesFullyIndexedByInfrastructureExtensions" : 0,
      "filesFullyIndexedByInfrastructureExtensions" : [ ],
      "statusTime" : 5340381778,
      "totalOneThreadTimeWithPauses" : 13836928400,
      "iterationAndScannersApplicationTime" : 5598427400,
      "filesCheckTime" : 8228848700,
      "timeProcessingUpToDateFiles" : 0,
      "timeUpdatingContentLessIndexes" : 2950202518,
      "timeIndexingWithoutContentViaInfrastructureExtension" : 102302142,
      "roots" : [ ]
    }, {
      "providerName" : "External roots from entity (sysvsem, curl, snmp, ...; empty; empty; empty)",
      "numberOfScannedFiles" : 323,
      "numberOfSkippedFiles" : 0,
      "numberOfFilesForIndexing" : 323,
      "numberOfFilesFullyIndexedByInfrastructureExtensions" : 0,
      "filesFullyIndexedByInfrastructureExtensions" : [ ],
      "statusTime" : 550021792,
      "totalOneThreadTimeWithPauses" : 5920848200,
      "iterationAndScannersApplicationTime" : 5098081900,
      "filesCheckTime" : 822422800,
      "timeProcessingUpToDateFiles" : 0,
      "timeUpdatingContentLessIndexes" : 370925998,
      "timeIndexingWithoutContentViaInfrastructureExtension" : 48805899,
      "roots" : [ ]
    }, {
      "providerName" : "Indexable set contributor 'com.intellij.javaee.ExternalResourcesRootsProvider@329f8074' (non-project)",
      "numberOfScannedFiles" : 212,
      "numberOfSkippedFiles" : 4,
      "numberOfFilesForIndexing" : 212,
      "numberOfFilesFullyIndexedByInfrastructureExtensions" : 0,
      "filesFullyIndexedByInfrastructureExtensions" : [ ],
      "statusTime" : 2075621897,
      "totalOneThreadTimeWithPauses" : 5483021599,
      "iterationAndScannersApplicationTime" : 1093791400,
      "filesCheckTime" : 4389148500,
      "timeProcessingUpToDateFiles" : 0,
      "timeUpdatingContentLessIndexes" : 1058929596,
      "timeIndexingWithoutContentViaInfrastructureExtension" : 13193116,
      "roots" : [ ]
    }, {
      "providerName" : "Custom kind roots from entity (extensions, empty)",
      "numberOfScannedFiles" : 30,
      "numberOfSkippedFiles" : 0,
      "numberOfFilesForIndexing" : 30,
      "numberOfFilesFullyIndexedByInfrastructureExtensions" : 0,
      "filesFullyIndexedByInfrastructureExtensions" : [ ],
      "statusTime" : 489490305,
      "totalOneThreadTimeWithPauses" : 917810401,
      "iterationAndScannersApplicationTime" : 265699400,
      "filesCheckTime" : 651168999,
      "timeProcessingUpToDateFiles" : 0,
      "timeUpdatingContentLessIndexes" : 78325017,
      "timeIndexingWithoutContentViaInfrastructureExtension" : 33665801,
      "roots" : [ ]
    }, {
      "providerName" : "Indexable set contributor 'com.intellij.javaee.ExternalResourcesRootsProvider@329f8074' (project)",
      "numberOfScannedFiles" : 0,
      "numberOfSkippedFiles" : 0,
      "numberOfFilesForIndexing" : 0,
      "numberOfFilesFullyIndexedByInfrastructureExtensions" : 0,
      "filesFullyIndexedByInfrastructureExtensions" : [ ],
      "statusTime" : 0,
      "totalOneThreadTimeWithPauses" : 23694800,
      "iterationAndScannersApplicationTime" : 1783199,
      "filesCheckTime" : 5022000,
      "timeProcessingUpToDateFiles" : 0,
      "timeUpdatingContentLessIndexes" : 0,
      "timeIndexingWithoutContentViaInfrastructureExtension" : 0,
      "roots" : [ ]
    }, {
      "providerName" : "Indexable set contributor 'Scratches & Consoles' (project)",
      "numberOfScannedFiles" : 0,
      "numberOfSkippedFiles" : 0,
      "numberOfFilesForIndexing" : 0,
      "numberOfFilesFullyIndexedByInfrastructureExtensions" : 0,
      "filesFullyIndexedByInfrastructureExtensions" : [ ],
      "statusTime" : 0,
      "totalOneThreadTimeWithPauses" : 21452901,
      "iterationAndScannersApplicationTime" : 1880301,
      "filesCheckTime" : 3850800,
      "timeProcessingUpToDateFiles" : 0,
      "timeUpdatingContentLessIndexes" : 0,
      "timeIndexingWithoutContentViaInfrastructureExtension" : 0,
      "roots" : [ ]
    }, {
      "providerName" : "Indexable set contributor 'Scratches & Consoles' (non-project)",
      "numberOfScannedFiles" : 0,
      "numberOfSkippedFiles" : 0,
      "numberOfFilesForIndexing" : 0,
      "numberOfFilesFullyIndexedByInfrastructureExtensions" : 0,
      "filesFullyIndexedByInfrastructureExtensions" : [ ],
      "statusTime" : 0,
      "totalOneThreadTimeWithPauses" : 21449299,
      "iterationAndScannersApplicationTime" : 2742600,
      "filesCheckTime" : 3819800,
      "timeProcessingUpToDateFiles" : 0,
      "timeUpdatingContentLessIndexes" : 0,
      "timeIndexingWithoutContentViaInfrastructureExtension" : 0,
      "roots" : [ ]
    }, {
      "providerName" : "Indexable set contributor 'com.jetbrains.php.config.library.PhpRuntimeLibraryRootsProvider@7458631b' (non-project)",
      "numberOfScannedFiles" : 0,
      "numberOfSkippedFiles" : 0,
      "numberOfFilesForIndexing" : 0,
      "numberOfFilesFullyIndexedByInfrastructureExtensions" : 0,
      "filesFullyIndexedByInfrastructureExtensions" : [ ],
      "statusTime" : 0,
      "totalOneThreadTimeWithPauses" : 16368400,
      "iterationAndScannersApplicationTime" : 37400,
      "filesCheckTime" : 16228600,
      "timeProcessingUpToDateFiles" : 0,
      "timeUpdatingContentLessIndexes" : 0,
      "timeIndexingWithoutContentViaInfrastructureExtension" : 0,
      "roots" : [ ]
    }, {
      "providerName" : "Indexable set contributor 'com.jetbrains.php.config.library.PhpRuntimeLibraryRootsProvider@7458631b' (project)",
      "numberOfScannedFiles" : 0,
      "numberOfSkippedFiles" : 0,
      "numberOfFilesForIndexing" : 0,
      "numberOfFilesFullyIndexedByInfrastructureExtensions" : 0,
      "filesFullyIndexedByInfrastructureExtensions" : [ ],
      "statusTime" : 0,
      "totalOneThreadTimeWithPauses" : 477801,
      "iterationAndScannersApplicationTime" : 33800,
      "filesCheckTime" : 365599,
      "timeProcessingUpToDateFiles" : 0,
      "timeUpdatingContentLessIndexes" : 0,
      "timeIndexingWithoutContentViaInfrastructureExtension" : 0,
      "roots" : [ ]
    } ]
  }
}