{
  "appInfo" : {
    "build" : "243.25659.45",
    "buildDate" : "2025-02-27T09:16:00Z[UTC]",
    "productCode" : "PS",
    "generated" : "2025-04-12T06:27:56.2788308Z",
    "os" : "Windows 11.0",
    "runtime" : "JetBrains s.r.o. 21.0.6 21.0.6+8-b631.39"
  },
  "runtimeInfo" : {
    "maxMemory" : 2147483648,
    "numberOfProcessors" : 8,
    "maxNumberOfIndexingThreads" : 8,
    "maxSizeOfFileForIntelliSense" : 2560000,
    "maxSizeOfFileForContentLoading" : 20971520
  },
  "type" : "Scanning",
  "projectIndexingActivityHistory" : {
    "projectName" : "api-ebelanja-v2",
    "times" : {
      "scanningReason" : "changes in: \"External roots from entity (sysvsem, curl, snmp, ...; empty; empty; empty)\"",
      "scanningType" : "PARTIAL",
      "scanningId" : 1,
      "creatingIteratorsTime" : 0,
      "concurrentHandlingWallTimeWithoutPauses" : 0,
      "concurrentHandlingWallTimeWithPauses" : 0,
      "concurrentHandlingSumOfThreadTimesWithPauses" : 95746999,
      "concurrentIterationAndScannersApplicationSumOfThreadTimesWithPauses" : 2525301,
      "concurrentFileCheckSumOfThreadTimesWithPauses" : 93121300,
      "delayedPushPropertiesStageTime" : 0,
      "indexExtensionsTime" : 27083508,
      "dumbWallTimeWithPauses" : 0,
      "dumbWallTimeWithoutPauses" : 0,
      "updatingStart" : "2025-04-12T06:27:55.7382758Z",
      "updatingEnd" : "2025-04-12T06:27:56.189709099Z",
      "totalWallTimeWithPauses" : 451433299,
      "wallTimeOnPause" : 997900,
      "wasInterrupted" : false,
      "totalWallTimeWithoutPauses" : 450435399
    },
    "fileCount" : {
      "numberOfFileProviders" : 1,
      "numberOfScannedFiles" : 323,
      "numberOfFilesIndexedByInfrastructureExtensionsDuringScan" : 0,
      "numberOfFilesScheduledForIndexingAfterScan" : 323
    },
    "scanningStatistics" : [ {
      "providerName" : "External roots from entity (sysvsem, curl, snmp, ...; empty; empty; empty)",
      "numberOfScannedFiles" : 323,
      "numberOfSkippedFiles" : 0,
      "numberOfFilesForIndexing" : 323,
      "numberOfFilesFullyIndexedByInfrastructureExtensions" : 0,
      "filesFullyIndexedByInfrastructureExtensions" : [ ],
      "statusTime" : 58635193,
      "totalOneThreadTimeWithPauses" : 95746999,
      "iterationAndScannersApplicationTime" : 2525301,
      "filesCheckTime" : 93121300,
      "timeProcessingUpToDateFiles" : 0,
      "timeUpdatingContentLessIndexes" : 0,
      "timeIndexingWithoutContentViaInfrastructureExtension" : 27083508,
      "roots" : [ ]
    } ]
  }
}