{"@type":"attached","time":"2025-04-12T13:27:33.4510243+07:00[Asia/Jakarta]","kind":"bundled","chunkUniqueId":"bundled-php-predefined-a98d8de5180a-1ec7b7818973-com.jetbrains.php.sharedIndexes-PS-243.25659.45","indexName":"php_predefined_stubs","fbMatch":{"part":65,"total":66},"stubMatch":{"part":39,"total":39}}
{"@type":"attached","time":"2025-04-12T13:27:33.4759575+07:00[Asia/Jakarta]","kind":"bundled","chunkUniqueId":"bundled-php-predefined-a98d8de5180a-1ec7b7818973-com.jetbrains.php.sharedIndexes-PS-243.25659.45","indexName":"php_predefined_stubs","fbMatch":{"part":65,"total":66},"stubMatch":{"part":39,"total":39}}
