{"totalNumberOfIndexedFiles":15662,"totalSizeOfIndexedFiles":152916864,"indexingTimeMs":116211,"totalTimeMs":151984,"indexSizeBytes":29806564,"fileTypeToNumberOfIndexedFiles":{"ru.adelf.idea.dotenv.DotEnvFileType@8af142a":2,"com.intellij.ide.highlighter.XHtmlFileType@46d0f64":1,"Image":216,"com.intellij.ide.highlighter.XmlFileType@1f83be88":83,"git4idea.ignore.lang.GitIgnoreFileType@3087670a":18,"com.intellij.ide.highlighter.ModuleFileType@7715ad1b":3,"com.intellij.openapi.vcs.changes.patch.PatchFileType@76f4821":12,"org.intellij.plugins.relaxNG.compact.RncFileType@5dfa1a28":124,"com.intellij.sh.ShFileType@58944881":8,"com.jetbrains.php.lang.PhpFileType@563e41eb":11329,"AbstractFileType JavaScript; com.intellij.ide.highlighter.custom.SyntaxTable@bfc90f91":111,"org.intellij.plugins.markdown.lang.MarkdownFileType@7c4bc71c":242,"com.intellij.psi.css.CssFileType@3334dca9":123,"ini4idea.file.IniFileType@39555bcb":2,"com.intellij.openapi.fileTypes.PlainTextFileType@7270c1d0":754,"com.intellij.ide.highlighter.HtmlFileType@2695ae75":42,"com.jetbrains.smarty.SmartyFileType@6ed4ddf5":14,"com.jetbrains.smarty.SmartyConfigFileType@1d57d37":4,"com.intellij.lang.apacheConfig.ApacheConfigFileType@463ae119":45,"com.intellij.ide.highlighter.DTDFileType@1dd3bf8":60,"com.intellij.openapi.fileTypes.impl.DetectedByContentFileType@459a2fe":12,"com.intellij.json.JsonFileType@16801faa":166,"com.jetbrains.php.blade.BladeFileType@15c1cbaa":60,"org.intellij.images.fileTypes.impl.SvgFileType@21f65a9d":2136,"com.jetbrains.lang.makefile.MakefileFileType@7c3b8317":2,"org.jetbrains.yaml.YAMLFileType@6b4715f4":41,"com.intellij.openapi.fileTypes.UnknownFileType@378fbdf0":51,"com.intellij.grid.scripting.impl.DataLoaderManager$DataFileType@7118d127":1},"fbIndexToNumberOfIndexedFiles":{"php.meta.type.inference.mapping":13,"FrameworkDetectionIndex":0,"php.aliased.trait.method.name":11329,"php.serialize.function.calls.offsets":11329,"XsltSymbolIndex":65,"php.trait.usage":11329,"php.class.alias.name":11329,"php.unit.covers":11329,"php.expected.function.return.values":11329,"php.class.alias.fqn":11329,"php.class.to.class.alias":11329,"com.mallowigi.icons.associations.fileAssociationsIndex":15127,"CssIndex":11249,"php.exit.point.function.index":11329,"ru.adelf.idea.php.dotenv.keyValues":2,"php.constants.default.expected.arguments":11329,"fileIncludes":230,"html5.custom.attributes.index":42,"php.function.always.re":11329,"XmlTagNames":17,"HashFragmentIndex":1398,"php.function.name":11329,"css.template.selectors":11126,"php.field.names.accessed.by.the.constructor":11329,"php.file.constants.default.value.matchers":11329,"php.functions.with.not.catched.dynamic.passed.calls":11329,"php.array.shapes.entries":11329,"HtmlTagIdIndex":11126,"SchemaTypeInheritance":17,"RelaxSymbolIndex":65,"psalm.no.return":11329,"php.func.get.arg.usage.index":11329,"php.constants.default.array.shapes":11329,"php.global.assignment.index":11329,"php.parameters.default.value.matchers":11329,"php.doctag.user.name":11329,"php.array.access.offsets":11329,"php.max.language.level":11329,"json.file.root.values":166,"php.class.name":11329,"php.doc.type.aliases.index":11329,"php.namespace.inheritance":11329,"php.generic.template.index":11329,"php.interface.fqn":11329,"php.class.attributes.name":11329,"php.generator.operands.type.index":11329,"XmlNamespaces":21,"php.function.parameters.used.as.regexp":11329,"php.putenv.arguments":11329,"DomFileIndex":83,"php.fields.default.value.matchers":11329,"Trigram.Index":15394,"php.used.parameters.array.keys":11329,"php.expected.function.arguments":11329,"TodoIndex":4205,"php.class.alias.to.class":11329,"php.constant.name":11329,"php.not.used.parameters":11329,"IdIndex":15367,"php.invoke.calls.offsets":11329,"php.method.name":11329,"php.class.fqn":11329,"php.variable.name":11329,"php.unit.data.providers":11329,"psalm.constant.reference.wildcard":11329,"php.inferred.meta.pattern.index":11329},"stubIndexToNumberOfIndexedFiles":{"Css.attr":36,"php.function.non.void.return.type":142,"php.method.shortName":6777,"php.enum.case.shortName":10,"Css.class":120,"php.method.non.never.return.type":2368,"Css.custom.variable":27,"markdown.header":207,"php.field.shortName":3994,"php.function.shortName":1206,"dom.elementClass":0,"Css.ampersand.selector":0,"php.attribute.fqn":308,"php.method.never.return.type":2,"php.interface.shortName":611,"php.variable.shortName":98,"php.trait.shortName":273,"php.namespace.shortName":8287,"ini.property.key":2,"php.class.shortName":7741,"php.trait.fqn":273,"php.method.non.void.return.type":2198,"php.use.referenceName":6337,"markdown.header.anchor":207,"makefile.target.index":2,"php.function.void.return.type":63,"php.classConstant.shortName":842,"php.function.custom.index.map":1206,"php.constant.shortName":2,"php.function.never.return.type":1,"dom.namespaceKey":0,"php.method.custom.index.map":6777,"Css.custom.property":0,"Css.custom.mixin":0,"php.inheritors":6260,"Css.id":7,"php.method.void.return.type":772,"php.function.non.never.return.type":169,"php.constant.case.sensitive.shortName":113},"emptyFbiIndexes":[{"uniqueId":21,"pluginId":{"idString":"XPathView"},"registrationTrace":{"cause":null,"stackTrace":[{"classLoaderName":null,"moduleName":null,"moduleVersion":null,"methodName":"<init>","fileName":"ID.java","lineNumber":110,"className":"com.intellij.util.indexing.ID","nativeMethod":false},{"classLoaderName":null,"moduleName":null,"moduleVersion":null,"methodName":"create","fileName":"ID.java","lineNumber":130,"className":"com.intellij.util.indexing.ID","nativeMethod":false},{"classLoaderName":null,"moduleName":null,"moduleVersion":null,"methodName":"<clinit>","fileName":"XsltSymbolIndex.java","lineNumber":43,"className":"org.intellij.lang.xpath.xslt.impl.XsltSymbolIndex","nativeMethod":false},{"classLoaderName":null,"moduleName":"java.base","moduleVersion":"21.0.6","methodName":"allocateInstance","fileName":"Unsafe.java","lineNumber":-2,"className":"jdk.internal.misc.Unsafe","nativeMethod":true},{"classLoaderName":null,"moduleName":"java.base","moduleVersion":"21.0.6","methodName":"allocateInstance","fileName":"DirectMethodHandle.java","lineNumber":501,"className":"java.lang.invoke.DirectMethodHandle","nativeMethod":false},{"classLoaderName":null,"moduleName":null,"moduleVersion":null,"methodName":"findConstructorAndInstantiateClass","fileName":"ComponentManagerImpl.kt","lineNumber":909,"className":"com.intellij.serviceContainer.ComponentManagerImpl","nativeMethod":false},{"classLoaderName":null,"moduleName":null,"moduleVersion":null,"methodName":"doInstantiateClass","fileName":"ComponentManagerImpl.kt","lineNumber":918,"className":"com.intellij.serviceContainer.ComponentManagerImpl","nativeMethod":false},{"classLoaderName":null,"moduleName":null,"moduleVersion":null,"methodName":"instantiateClass","fileName":"ComponentManagerImpl.kt","lineNumber":903,"className":"com.intellij.serviceContainer.ComponentManagerImpl","nativeMethod":false},{"classLoaderName":null,"moduleName":null,"moduleVersion":null,"methodName":"instantiateClass","fileName":"XmlExtensionAdapter.kt","lineNumber":103,"className":"com.intellij.openapi.extensions.impl.SimpleConstructorInjectionAdapter","nativeMethod":false},{"classLoaderName":null,"moduleName":null,"moduleVersion":null,"methodName":"doCreateInstance","fileName":"XmlExtensionAdapter.kt","lineNumber":52,"className":"com.intellij.openapi.extensions.impl.XmlExtensionAdapter","nativeMethod":false},{"classLoaderName":null,"moduleName":null,"moduleVersion":null,"methodName":"createInstance","fileName":"XmlExtensionAdapter.kt","lineNumber":33,"className":"com.intellij.openapi.extensions.impl.XmlExtensionAdapter","nativeMethod":false},{"classLoaderName":null,"moduleName":null,"moduleVersion":null,"methodName":"getOrCreateExtensionInstance","fileName":"ExtensionPointImpl.kt","lineNumber":1059,"className":"com.intellij.openapi.extensions.impl.ExtensionPointImplKt","nativeMethod":false},{"classLoaderName":null,"moduleName":null,"moduleVersion":null,"methodName":"access$getOrCreateExtensionInstance","fileName":"ExtensionPointImpl.kt","lineNumber":1,"className":"com.intellij.openapi.extensions.impl.ExtensionPointImplKt","nativeMethod":false},{"classLoaderName":null,"moduleName":null,"moduleVersion":null,"methodName":"advanceToNextNonNull","fileName":"ExtensionPointImpl.kt","lineNumber":292,"className":"com.intellij.openapi.extensions.impl.ExtensionPointImpl$iterator$2","nativeMethod":false},{"classLoaderName":null,"moduleName":null,"moduleVersion":null,"methodName":"hasNext","fileName":"ExtensionPointImpl.kt","lineNumber":274,"className":"com.intellij.openapi.extensions.impl.ExtensionPointImpl$iterator$2","nativeMethod":false},{"classLoaderName":null,"moduleName":null,"moduleVersion":null,"methodName":"initAssociatedDataForExtensions","fileName":"FileBasedIndexDataInitialization.java","lineNumber":68,"className":"com.intellij.util.indexing.FileBasedIndexDataInitialization","nativeMethod":false},{"classLoaderName":null,"moduleName":null,"moduleVersion":null,"methodName":"prepareTasks","fileName":"FileBasedIndexDataInitialization.java","lineNumber":142,"className":"com.intellij.util.indexing.FileBasedIndexDataInitialization","nativeMethod":false},{"classLoaderName":null,"moduleName":null,"moduleVersion":null,"methodName":"call","fileName":"IndexDataInitializer.kt","lineNumber":25,"className":"com.intellij.util.indexing.IndexDataInitializer","nativeMethod":false},{"classLoaderName":null,"moduleName":null,"moduleVersion":null,"methodName":"invokeSuspend","fileName":"IndexDataInitializer.kt","lineNumber":72,"className":"com.intellij.util.indexing.IndexDataInitializer$Companion$submitGenesisTask$2","nativeMethod":false},{"classLoaderName":null,"moduleName":null,"moduleVersion":null,"methodName":"resumeWith","fileName":"ContinuationImpl.kt","lineNumber":33,"className":"kotlin.coroutines.jvm.internal.BaseContinuationImpl","nativeMethod":false},{"classLoaderName":null,"moduleName":null,"moduleVersion":null,"methodName":"run","fileName":"DispatchedTask.kt","lineNumber":104,"className":"kotlinx.coroutines.DispatchedTask","nativeMethod":false},{"classLoaderName":null,"moduleName":null,"moduleVersion":null,"methodName":"run","fileName":"LimitedDispatcher.kt","lineNumber":111,"className":"kotlinx.coroutines.internal.LimitedDispatcher$Worker","nativeMethod":false},{"classLoaderName":null,"moduleName":null,"moduleVersion":null,"methodName":"run","fileName":"Tasks.kt","lineNumber":99,"className":"kotlinx.coroutines.scheduling.TaskImpl","nativeMethod":false},{"classLoaderName":null,"moduleName":null,"moduleVersion":null,"methodName":"runSafely","fileName":"CoroutineScheduler.kt","lineNumber":608,"className":"kotlinx.coroutines.scheduling.CoroutineScheduler","nativeMethod":false},{"classLoaderName":null,"moduleName":null,"moduleVersion":null,"methodName":"executeTask","fileName":"CoroutineScheduler.kt","lineNumber":873,"className":"kotlinx.coroutines.scheduling.CoroutineScheduler$Worker","nativeMethod":false},{"classLoaderName":null,"moduleName":null,"moduleVersion":null,"methodName":"runWorker","fileName":"CoroutineScheduler.kt","lineNumber":763,"className":"kotlinx.coroutines.scheduling.CoroutineScheduler$Worker","nativeMethod":false},{"classLoaderName":null,"moduleName":null,"moduleVersion":null,"methodName":"run","fileName":"CoroutineScheduler.kt","lineNumber":750,"className":"kotlinx.coroutines.scheduling.CoroutineScheduler$Worker","nativeMethod":false}],"message":null,"suppressed":[],"localizedMessage":null},"name":"XsltSymbolIndex"},{"uniqueId":4,"pluginId":{"idString":"com.intellij"},"registrationTrace":{"cause":null,"stackTrace":[{"classLoaderName":null,"moduleName":null,"moduleVersion":null,"methodName":"<init>","fileName":"ID.java","lineNumber":110,"className":"com.intellij.util.indexing.ID","nativeMethod":false},{"classLoaderName":null,"moduleName":null,"moduleVersion":null,"methodName":"create","fileName":"ID.java","lineNumber":130,"className":"com.intellij.util.indexing.ID","nativeMethod":false},{"classLoaderName":null,"moduleName":null,"moduleVersion":null,"methodName":"<clinit>","fileName":"FrameworkDetectionIndex.java","lineNumber":29,"className":"com.intellij.framework.detection.impl.FrameworkDetectionIndex","nativeMethod":false},{"classLoaderName":null,"moduleName":"java.base","moduleVersion":"21.0.6","methodName":"allocateInstance","fileName":"Unsafe.java","lineNumber":-2,"className":"jdk.internal.misc.Unsafe","nativeMethod":true},{"classLoaderName":null,"moduleName":"java.base","moduleVersion":"21.0.6","methodName":"allocateInstance","fileName":"DirectMethodHandle.java","lineNumber":501,"className":"java.lang.invoke.DirectMethodHandle","nativeMethod":false},{"classLoaderName":null,"moduleName":null,"moduleVersion":null,"methodName":"findConstructorAndInstantiateClass","fileName":"ComponentManagerImpl.kt","lineNumber":909,"className":"com.intellij.serviceContainer.ComponentManagerImpl","nativeMethod":false},{"classLoaderName":null,"moduleName":null,"moduleVersion":null,"methodName":"doInstantiateClass","fileName":"ComponentManagerImpl.kt","lineNumber":918,"className":"com.intellij.serviceContainer.ComponentManagerImpl","nativeMethod":false},{"classLoaderName":null,"moduleName":null,"moduleVersion":null,"methodName":"instantiateClass","fileName":"ComponentManagerImpl.kt","lineNumber":903,"className":"com.intellij.serviceContainer.ComponentManagerImpl","nativeMethod":false},{"classLoaderName":null,"moduleName":null,"moduleVersion":null,"methodName":"instantiateClass","fileName":"XmlExtensionAdapter.kt","lineNumber":103,"className":"com.intellij.openapi.extensions.impl.SimpleConstructorInjectionAdapter","nativeMethod":false},{"classLoaderName":null,"moduleName":null,"moduleVersion":null,"methodName":"doCreateInstance","fileName":"XmlExtensionAdapter.kt","lineNumber":52,"className":"com.intellij.openapi.extensions.impl.XmlExtensionAdapter","nativeMethod":false},{"classLoaderName":null,"moduleName":null,"moduleVersion":null,"methodName":"createInstance","fileName":"XmlExtensionAdapter.kt","lineNumber":33,"className":"com.intellij.openapi.extensions.impl.XmlExtensionAdapter","nativeMethod":false},{"classLoaderName":null,"moduleName":null,"moduleVersion":null,"methodName":"getOrCreateExtensionInstance","fileName":"ExtensionPointImpl.kt","lineNumber":1059,"className":"com.intellij.openapi.extensions.impl.ExtensionPointImplKt","nativeMethod":false},{"classLoaderName":null,"moduleName":null,"moduleVersion":null,"methodName":"access$getOrCreateExtensionInstance","fileName":"ExtensionPointImpl.kt","lineNumber":1,"className":"com.intellij.openapi.extensions.impl.ExtensionPointImplKt","nativeMethod":false},{"classLoaderName":null,"moduleName":null,"moduleVersion":null,"methodName":"advanceToNextNonNull","fileName":"ExtensionPointImpl.kt","lineNumber":292,"className":"com.intellij.openapi.extensions.impl.ExtensionPointImpl$iterator$2","nativeMethod":false},{"classLoaderName":null,"moduleName":null,"moduleVersion":null,"methodName":"hasNext","fileName":"ExtensionPointImpl.kt","lineNumber":274,"className":"com.intellij.openapi.extensions.impl.ExtensionPointImpl$iterator$2","nativeMethod":false},{"classLoaderName":null,"moduleName":null,"moduleVersion":null,"methodName":"initAssociatedDataForExtensions","fileName":"FileBasedIndexDataInitialization.java","lineNumber":68,"className":"com.intellij.util.indexing.FileBasedIndexDataInitialization","nativeMethod":false},{"classLoaderName":null,"moduleName":null,"moduleVersion":null,"methodName":"prepareTasks","fileName":"FileBasedIndexDataInitialization.java","lineNumber":142,"className":"com.intellij.util.indexing.FileBasedIndexDataInitialization","nativeMethod":false},{"classLoaderName":null,"moduleName":null,"moduleVersion":null,"methodName":"call","fileName":"IndexDataInitializer.kt","lineNumber":25,"className":"com.intellij.util.indexing.IndexDataInitializer","nativeMethod":false},{"classLoaderName":null,"moduleName":null,"moduleVersion":null,"methodName":"invokeSuspend","fileName":"IndexDataInitializer.kt","lineNumber":72,"className":"com.intellij.util.indexing.IndexDataInitializer$Companion$submitGenesisTask$2","nativeMethod":false},{"classLoaderName":null,"moduleName":null,"moduleVersion":null,"methodName":"resumeWith","fileName":"ContinuationImpl.kt","lineNumber":33,"className":"kotlin.coroutines.jvm.internal.BaseContinuationImpl","nativeMethod":false},{"classLoaderName":null,"moduleName":null,"moduleVersion":null,"methodName":"run","fileName":"DispatchedTask.kt","lineNumber":104,"className":"kotlinx.coroutines.DispatchedTask","nativeMethod":false},{"classLoaderName":null,"moduleName":null,"moduleVersion":null,"methodName":"run","fileName":"LimitedDispatcher.kt","lineNumber":111,"className":"kotlinx.coroutines.internal.LimitedDispatcher$Worker","nativeMethod":false},{"classLoaderName":null,"moduleName":null,"moduleVersion":null,"methodName":"run","fileName":"Tasks.kt","lineNumber":99,"className":"kotlinx.coroutines.scheduling.TaskImpl","nativeMethod":false},{"classLoaderName":null,"moduleName":null,"moduleVersion":null,"methodName":"runSafely","fileName":"CoroutineScheduler.kt","lineNumber":608,"className":"kotlinx.coroutines.scheduling.CoroutineScheduler","nativeMethod":false},{"classLoaderName":null,"moduleName":null,"moduleVersion":null,"methodName":"executeTask","fileName":"CoroutineScheduler.kt","lineNumber":873,"className":"kotlinx.coroutines.scheduling.CoroutineScheduler$Worker","nativeMethod":false},{"classLoaderName":null,"moduleName":null,"moduleVersion":null,"methodName":"runWorker","fileName":"CoroutineScheduler.kt","lineNumber":763,"className":"kotlinx.coroutines.scheduling.CoroutineScheduler$Worker","nativeMethod":false},{"classLoaderName":null,"moduleName":null,"moduleVersion":null,"methodName":"run","fileName":"CoroutineScheduler.kt","lineNumber":750,"className":"kotlinx.coroutines.scheduling.CoroutineScheduler$Worker","nativeMethod":false}],"message":null,"suppressed":[],"localizedMessage":null},"name":"FrameworkDetectionIndex"},{"uniqueId":44,"pluginId":{"idString":"com.jetbrains.php"},"registrationTrace":{"cause":null,"stackTrace":[{"classLoaderName":null,"moduleName":null,"moduleVersion":null,"methodName":"<init>","fileName":"ID.java","lineNumber":110,"className":"com.intellij.util.indexing.ID","nativeMethod":false},{"classLoaderName":null,"moduleName":null,"moduleVersion":null,"methodName":"create","fileName":"ID.java","lineNumber":130,"className":"com.intellij.util.indexing.ID","nativeMethod":false},{"classLoaderName":null,"moduleName":null,"moduleVersion":null,"methodName":"<clinit>","fileName":"PhpUnitCoversIndex.java","lineNumber":44,"className":"com.jetbrains.php.lang.psi.stubs.indexes.PhpUnitCoversIndex","nativeMethod":false},{"classLoaderName":null,"moduleName":"java.base","moduleVersion":"21.0.6","methodName":"allocateInstance","fileName":"Unsafe.java","lineNumber":-2,"className":"jdk.internal.misc.Unsafe","nativeMethod":true},{"classLoaderName":null,"moduleName":"java.base","moduleVersion":"21.0.6","methodName":"allocateInstance","fileName":"DirectMethodHandle.java","lineNumber":501,"className":"java.lang.invoke.DirectMethodHandle","nativeMethod":false},{"classLoaderName":null,"moduleName":null,"moduleVersion":null,"methodName":"findConstructorAndInstantiateClass","fileName":"ComponentManagerImpl.kt","lineNumber":909,"className":"com.intellij.serviceContainer.ComponentManagerImpl","nativeMethod":false},{"classLoaderName":null,"moduleName":null,"moduleVersion":null,"methodName":"doInstantiateClass","fileName":"ComponentManagerImpl.kt","lineNumber":918,"className":"com.intellij.serviceContainer.ComponentManagerImpl","nativeMethod":false},{"classLoaderName":null,"moduleName":null,"moduleVersion":null,"methodName":"instantiateClass","fileName":"ComponentManagerImpl.kt","lineNumber":903,"className":"com.intellij.serviceContainer.ComponentManagerImpl","nativeMethod":false},{"classLoaderName":null,"moduleName":null,"moduleVersion":null,"methodName":"instantiateClass","fileName":"XmlExtensionAdapter.kt","lineNumber":103,"className":"com.intellij.openapi.extensions.impl.SimpleConstructorInjectionAdapter","nativeMethod":false},{"classLoaderName":null,"moduleName":null,"moduleVersion":null,"methodName":"doCreateInstance","fileName":"XmlExtensionAdapter.kt","lineNumber":52,"className":"com.intellij.openapi.extensions.impl.XmlExtensionAdapter","nativeMethod":false},{"classLoaderName":null,"moduleName":null,"moduleVersion":null,"methodName":"createInstance","fileName":"XmlExtensionAdapter.kt","lineNumber":33,"className":"com.intellij.openapi.extensions.impl.XmlExtensionAdapter","nativeMethod":false},{"classLoaderName":null,"moduleName":null,"moduleVersion":null,"methodName":"getOrCreateExtensionInstance","fileName":"ExtensionPointImpl.kt","lineNumber":1059,"className":"com.intellij.openapi.extensions.impl.ExtensionPointImplKt","nativeMethod":false},{"classLoaderName":null,"moduleName":null,"moduleVersion":null,"methodName":"access$getOrCreateExtensionInstance","fileName":"ExtensionPointImpl.kt","lineNumber":1,"className":"com.intellij.openapi.extensions.impl.ExtensionPointImplKt","nativeMethod":false},{"classLoaderName":null,"moduleName":null,"moduleVersion":null,"methodName":"advanceToNextNonNull","fileName":"ExtensionPointImpl.kt","lineNumber":292,"className":"com.intellij.openapi.extensions.impl.ExtensionPointImpl$iterator$2","nativeMethod":false},{"classLoaderName":null,"moduleName":null,"moduleVersion":null,"methodName":"hasNext","fileName":"ExtensionPointImpl.kt","lineNumber":274,"className":"com.intellij.openapi.extensions.impl.ExtensionPointImpl$iterator$2","nativeMethod":false},{"classLoaderName":null,"moduleName":null,"moduleVersion":null,"methodName":"initAssociatedDataForExtensions","fileName":"FileBasedIndexDataInitialization.java","lineNumber":68,"className":"com.intellij.util.indexing.FileBasedIndexDataInitialization","nativeMethod":false},{"classLoaderName":null,"moduleName":null,"moduleVersion":null,"methodName":"prepareTasks","fileName":"FileBasedIndexDataInitialization.java","lineNumber":142,"className":"com.intellij.util.indexing.FileBasedIndexDataInitialization","nativeMethod":false},{"classLoaderName":null,"moduleName":null,"moduleVersion":null,"methodName":"call","fileName":"IndexDataInitializer.kt","lineNumber":25,"className":"com.intellij.util.indexing.IndexDataInitializer","nativeMethod":false},{"classLoaderName":null,"moduleName":null,"moduleVersion":null,"methodName":"invokeSuspend","fileName":"IndexDataInitializer.kt","lineNumber":72,"className":"com.intellij.util.indexing.IndexDataInitializer$Companion$submitGenesisTask$2","nativeMethod":false},{"classLoaderName":null,"moduleName":null,"moduleVersion":null,"methodName":"resumeWith","fileName":"ContinuationImpl.kt","lineNumber":33,"className":"kotlin.coroutines.jvm.internal.BaseContinuationImpl","nativeMethod":false},{"classLoaderName":null,"moduleName":null,"moduleVersion":null,"methodName":"run","fileName":"DispatchedTask.kt","lineNumber":104,"className":"kotlinx.coroutines.DispatchedTask","nativeMethod":false},{"classLoaderName":null,"moduleName":null,"moduleVersion":null,"methodName":"run","fileName":"LimitedDispatcher.kt","lineNumber":111,"className":"kotlinx.coroutines.internal.LimitedDispatcher$Worker","nativeMethod":false},{"classLoaderName":null,"moduleName":null,"moduleVersion":null,"methodName":"run","fileName":"Tasks.kt","lineNumber":99,"className":"kotlinx.coroutines.scheduling.TaskImpl","nativeMethod":false},{"classLoaderName":null,"moduleName":null,"moduleVersion":null,"methodName":"runSafely","fileName":"CoroutineScheduler.kt","lineNumber":608,"className":"kotlinx.coroutines.scheduling.CoroutineScheduler","nativeMethod":false},{"classLoaderName":null,"moduleName":null,"moduleVersion":null,"methodName":"executeTask","fileName":"CoroutineScheduler.kt","lineNumber":873,"className":"kotlinx.coroutines.scheduling.CoroutineScheduler$Worker","nativeMethod":false},{"classLoaderName":null,"moduleName":null,"moduleVersion":null,"methodName":"runWorker","fileName":"CoroutineScheduler.kt","lineNumber":763,"className":"kotlinx.coroutines.scheduling.CoroutineScheduler$Worker","nativeMethod":false},{"classLoaderName":null,"moduleName":null,"moduleVersion":null,"methodName":"run","fileName":"CoroutineScheduler.kt","lineNumber":750,"className":"kotlinx.coroutines.scheduling.CoroutineScheduler$Worker","nativeMethod":false}],"message":null,"suppressed":[],"localizedMessage":null},"name":"php.unit.covers"},{"uniqueId":10,"pluginId":{"idString":"com.intellij"},"registrationTrace":{"cause":null,"stackTrace":[{"classLoaderName":null,"moduleName":null,"moduleVersion":null,"methodName":"<init>","fileName":"ID.java","lineNumber":110,"className":"com.intellij.util.indexing.ID","nativeMethod":false},{"classLoaderName":null,"moduleName":null,"moduleVersion":null,"methodName":"create","fileName":"ID.java","lineNumber":130,"className":"com.intellij.util.indexing.ID","nativeMethod":false},{"classLoaderName":null,"moduleName":null,"moduleVersion":null,"methodName":"<clinit>","fileName":"RelaxSymbolIndex.java","lineNumber":27,"className":"org.intellij.plugins.relaxNG.model.resolve.RelaxSymbolIndex","nativeMethod":false},{"classLoaderName":null,"moduleName":"java.base","moduleVersion":"21.0.6","methodName":"allocateInstance","fileName":"Unsafe.java","lineNumber":-2,"className":"jdk.internal.misc.Unsafe","nativeMethod":true},{"classLoaderName":null,"moduleName":"java.base","moduleVersion":"21.0.6","methodName":"allocateInstance","fileName":"DirectMethodHandle.java","lineNumber":501,"className":"java.lang.invoke.DirectMethodHandle","nativeMethod":false},{"classLoaderName":null,"moduleName":null,"moduleVersion":null,"methodName":"findConstructorAndInstantiateClass","fileName":"ComponentManagerImpl.kt","lineNumber":909,"className":"com.intellij.serviceContainer.ComponentManagerImpl","nativeMethod":false},{"classLoaderName":null,"moduleName":null,"moduleVersion":null,"methodName":"doInstantiateClass","fileName":"ComponentManagerImpl.kt","lineNumber":918,"className":"com.intellij.serviceContainer.ComponentManagerImpl","nativeMethod":false},{"classLoaderName":null,"moduleName":null,"moduleVersion":null,"methodName":"instantiateClass","fileName":"ComponentManagerImpl.kt","lineNumber":903,"className":"com.intellij.serviceContainer.ComponentManagerImpl","nativeMethod":false},{"classLoaderName":null,"moduleName":null,"moduleVersion":null,"methodName":"instantiateClass","fileName":"XmlExtensionAdapter.kt","lineNumber":103,"className":"com.intellij.openapi.extensions.impl.SimpleConstructorInjectionAdapter","nativeMethod":false},{"classLoaderName":null,"moduleName":null,"moduleVersion":null,"methodName":"doCreateInstance","fileName":"XmlExtensionAdapter.kt","lineNumber":52,"className":"com.intellij.openapi.extensions.impl.XmlExtensionAdapter","nativeMethod":false},{"classLoaderName":null,"moduleName":null,"moduleVersion":null,"methodName":"createInstance","fileName":"XmlExtensionAdapter.kt","lineNumber":33,"className":"com.intellij.openapi.extensions.impl.XmlExtensionAdapter","nativeMethod":false},{"classLoaderName":null,"moduleName":null,"moduleVersion":null,"methodName":"getOrCreateExtensionInstance","fileName":"ExtensionPointImpl.kt","lineNumber":1059,"className":"com.intellij.openapi.extensions.impl.ExtensionPointImplKt","nativeMethod":false},{"classLoaderName":null,"moduleName":null,"moduleVersion":null,"methodName":"access$getOrCreateExtensionInstance","fileName":"ExtensionPointImpl.kt","lineNumber":1,"className":"com.intellij.openapi.extensions.impl.ExtensionPointImplKt","nativeMethod":false},{"classLoaderName":null,"moduleName":null,"moduleVersion":null,"methodName":"advanceToNextNonNull","fileName":"ExtensionPointImpl.kt","lineNumber":292,"className":"com.intellij.openapi.extensions.impl.ExtensionPointImpl$iterator$2","nativeMethod":false},{"classLoaderName":null,"moduleName":null,"moduleVersion":null,"methodName":"hasNext","fileName":"ExtensionPointImpl.kt","lineNumber":274,"className":"com.intellij.openapi.extensions.impl.ExtensionPointImpl$iterator$2","nativeMethod":false},{"classLoaderName":null,"moduleName":null,"moduleVersion":null,"methodName":"initAssociatedDataForExtensions","fileName":"FileBasedIndexDataInitialization.java","lineNumber":68,"className":"com.intellij.util.indexing.FileBasedIndexDataInitialization","nativeMethod":false},{"classLoaderName":null,"moduleName":null,"moduleVersion":null,"methodName":"prepareTasks","fileName":"FileBasedIndexDataInitialization.java","lineNumber":142,"className":"com.intellij.util.indexing.FileBasedIndexDataInitialization","nativeMethod":false},{"classLoaderName":null,"moduleName":null,"moduleVersion":null,"methodName":"call","fileName":"IndexDataInitializer.kt","lineNumber":25,"className":"com.intellij.util.indexing.IndexDataInitializer","nativeMethod":false},{"classLoaderName":null,"moduleName":null,"moduleVersion":null,"methodName":"invokeSuspend","fileName":"IndexDataInitializer.kt","lineNumber":72,"className":"com.intellij.util.indexing.IndexDataInitializer$Companion$submitGenesisTask$2","nativeMethod":false},{"classLoaderName":null,"moduleName":null,"moduleVersion":null,"methodName":"resumeWith","fileName":"ContinuationImpl.kt","lineNumber":33,"className":"kotlin.coroutines.jvm.internal.BaseContinuationImpl","nativeMethod":false},{"classLoaderName":null,"moduleName":null,"moduleVersion":null,"methodName":"run","fileName":"DispatchedTask.kt","lineNumber":104,"className":"kotlinx.coroutines.DispatchedTask","nativeMethod":false},{"classLoaderName":null,"moduleName":null,"moduleVersion":null,"methodName":"run","fileName":"LimitedDispatcher.kt","lineNumber":111,"className":"kotlinx.coroutines.internal.LimitedDispatcher$Worker","nativeMethod":false},{"classLoaderName":null,"moduleName":null,"moduleVersion":null,"methodName":"run","fileName":"Tasks.kt","lineNumber":99,"className":"kotlinx.coroutines.scheduling.TaskImpl","nativeMethod":false},{"classLoaderName":null,"moduleName":null,"moduleVersion":null,"methodName":"runSafely","fileName":"CoroutineScheduler.kt","lineNumber":608,"className":"kotlinx.coroutines.scheduling.CoroutineScheduler","nativeMethod":false},{"classLoaderName":null,"moduleName":null,"moduleVersion":null,"methodName":"executeTask","fileName":"CoroutineScheduler.kt","lineNumber":873,"className":"kotlinx.coroutines.scheduling.CoroutineScheduler$Worker","nativeMethod":false},{"classLoaderName":null,"moduleName":null,"moduleVersion":null,"methodName":"runWorker","fileName":"CoroutineScheduler.kt","lineNumber":763,"className":"kotlinx.coroutines.scheduling.CoroutineScheduler$Worker","nativeMethod":false},{"classLoaderName":null,"moduleName":null,"moduleVersion":null,"methodName":"run","fileName":"CoroutineScheduler.kt","lineNumber":750,"className":"kotlinx.coroutines.scheduling.CoroutineScheduler$Worker","nativeMethod":false}],"message":null,"suppressed":[],"localizedMessage":null},"name":"RelaxSymbolIndex"}],"emptyStubIndexes":[{"uniqueId":142,"pluginId":{"idString":"com.intellij.css"},"registrationTrace":{"cause":null,"stackTrace":[{"classLoaderName":null,"moduleName":null,"moduleVersion":null,"methodName":"<init>","fileName":"ID.java","lineNumber":110,"className":"com.intellij.util.indexing.ID","nativeMethod":false},{"classLoaderName":null,"moduleName":null,"moduleVersion":null,"methodName":"<init>","fileName":"StubIndexKey.java","lineNumber":17,"className":"com.intellij.psi.stubs.StubIndexKey","nativeMethod":false},{"classLoaderName":null,"moduleName":null,"moduleVersion":null,"methodName":"createIndexKey","fileName":"StubIndexKey.java","lineNumber":29,"className":"com.intellij.psi.stubs.StubIndexKey","nativeMethod":false},{"classLoaderName":null,"moduleName":null,"moduleVersion":null,"methodName":"<clinit>","fileName":"CssAmpersandSelectorIndex.java","lineNumber":9,"className":"com.intellij.psi.css.impl.stubs.index.CssAmpersandSelectorIndex","nativeMethod":false},{"classLoaderName":null,"moduleName":"java.base","moduleVersion":"21.0.6","methodName":"allocateInstance","fileName":"Unsafe.java","lineNumber":-2,"className":"jdk.internal.misc.Unsafe","nativeMethod":true},{"classLoaderName":null,"moduleName":"java.base","moduleVersion":"21.0.6","methodName":"allocateInstance","fileName":"DirectMethodHandle.java","lineNumber":501,"className":"java.lang.invoke.DirectMethodHandle","nativeMethod":false},{"classLoaderName":null,"moduleName":null,"moduleVersion":null,"methodName":"findConstructorAndInstantiateClass","fileName":"ComponentManagerImpl.kt","lineNumber":909,"className":"com.intellij.serviceContainer.ComponentManagerImpl","nativeMethod":false},{"classLoaderName":null,"moduleName":null,"moduleVersion":null,"methodName":"doInstantiateClass","fileName":"ComponentManagerImpl.kt","lineNumber":918,"className":"com.intellij.serviceContainer.ComponentManagerImpl","nativeMethod":false},{"classLoaderName":null,"moduleName":null,"moduleVersion":null,"methodName":"instantiateClass","fileName":"ComponentManagerImpl.kt","lineNumber":903,"className":"com.intellij.serviceContainer.ComponentManagerImpl","nativeMethod":false},{"classLoaderName":null,"moduleName":null,"moduleVersion":null,"methodName":"instantiateClass","fileName":"XmlExtensionAdapter.kt","lineNumber":103,"className":"com.intellij.openapi.extensions.impl.SimpleConstructorInjectionAdapter","nativeMethod":false},{"classLoaderName":null,"moduleName":null,"moduleVersion":null,"methodName":"doCreateInstance","fileName":"XmlExtensionAdapter.kt","lineNumber":52,"className":"com.intellij.openapi.extensions.impl.XmlExtensionAdapter","nativeMethod":false},{"classLoaderName":null,"moduleName":null,"moduleVersion":null,"methodName":"createInstance","fileName":"XmlExtensionAdapter.kt","lineNumber":33,"className":"com.intellij.openapi.extensions.impl.XmlExtensionAdapter","nativeMethod":false},{"classLoaderName":null,"moduleName":null,"moduleVersion":null,"methodName":"getOrCreateExtensionInstance","fileName":"ExtensionPointImpl.kt","lineNumber":1059,"className":"com.intellij.openapi.extensions.impl.ExtensionPointImplKt","nativeMethod":false},{"classLoaderName":null,"moduleName":null,"moduleVersion":null,"methodName":"access$getOrCreateExtensionInstance","fileName":"ExtensionPointImpl.kt","lineNumber":1,"className":"com.intellij.openapi.extensions.impl.ExtensionPointImplKt","nativeMethod":false},{"classLoaderName":null,"moduleName":null,"moduleVersion":null,"methodName":"advanceToNextNonNull","fileName":"ExtensionPointImpl.kt","lineNumber":292,"className":"com.intellij.openapi.extensions.impl.ExtensionPointImpl$iterator$2","nativeMethod":false},{"classLoaderName":null,"moduleName":null,"moduleVersion":null,"methodName":"hasNext","fileName":"ExtensionPointImpl.kt","lineNumber":274,"className":"com.intellij.openapi.extensions.impl.ExtensionPointImpl$iterator$2","nativeMethod":false},{"classLoaderName":null,"moduleName":null,"moduleVersion":null,"methodName":"prepareTasks","fileName":"StubIndexImpl.java","lineNumber":395,"className":"com.intellij.psi.stubs.StubIndexImpl$StubIndexInitialization","nativeMethod":false},{"classLoaderName":null,"moduleName":null,"moduleVersion":null,"methodName":"call","fileName":"IndexDataInitializer.kt","lineNumber":25,"className":"com.intellij.util.indexing.IndexDataInitializer","nativeMethod":false},{"classLoaderName":null,"moduleName":null,"moduleVersion":null,"methodName":"invokeSuspend","fileName":"IndexDataInitializer.kt","lineNumber":72,"className":"com.intellij.util.indexing.IndexDataInitializer$Companion$submitGenesisTask$2","nativeMethod":false},{"classLoaderName":null,"moduleName":null,"moduleVersion":null,"methodName":"resumeWith","fileName":"ContinuationImpl.kt","lineNumber":33,"className":"kotlin.coroutines.jvm.internal.BaseContinuationImpl","nativeMethod":false},{"classLoaderName":null,"moduleName":null,"moduleVersion":null,"methodName":"run","fileName":"DispatchedTask.kt","lineNumber":104,"className":"kotlinx.coroutines.DispatchedTask","nativeMethod":false},{"classLoaderName":null,"moduleName":null,"moduleVersion":null,"methodName":"run","fileName":"LimitedDispatcher.kt","lineNumber":111,"className":"kotlinx.coroutines.internal.LimitedDispatcher$Worker","nativeMethod":false},{"classLoaderName":null,"moduleName":null,"moduleVersion":null,"methodName":"run","fileName":"Tasks.kt","lineNumber":99,"className":"kotlinx.coroutines.scheduling.TaskImpl","nativeMethod":false},{"classLoaderName":null,"moduleName":null,"moduleVersion":null,"methodName":"runSafely","fileName":"CoroutineScheduler.kt","lineNumber":608,"className":"kotlinx.coroutines.scheduling.CoroutineScheduler","nativeMethod":false},{"classLoaderName":null,"moduleName":null,"moduleVersion":null,"methodName":"executeTask","fileName":"CoroutineScheduler.kt","lineNumber":873,"className":"kotlinx.coroutines.scheduling.CoroutineScheduler$Worker","nativeMethod":false},{"classLoaderName":null,"moduleName":null,"moduleVersion":null,"methodName":"runWorker","fileName":"CoroutineScheduler.kt","lineNumber":763,"className":"kotlinx.coroutines.scheduling.CoroutineScheduler$Worker","nativeMethod":false},{"classLoaderName":null,"moduleName":null,"moduleVersion":null,"methodName":"run","fileName":"CoroutineScheduler.kt","lineNumber":750,"className":"kotlinx.coroutines.scheduling.CoroutineScheduler$Worker","nativeMethod":false}],"message":null,"suppressed":[],"localizedMessage":null},"name":"Css.ampersand.selector"},{"uniqueId":139,"pluginId":{"idString":"com.intellij"},"registrationTrace":{"cause":null,"stackTrace":[{"classLoaderName":null,"moduleName":null,"moduleVersion":null,"methodName":"<init>","fileName":"ID.java","lineNumber":110,"className":"com.intellij.util.indexing.ID","nativeMethod":false},{"classLoaderName":null,"moduleName":null,"moduleVersion":null,"methodName":"<init>","fileName":"StubIndexKey.java","lineNumber":17,"className":"com.intellij.psi.stubs.StubIndexKey","nativeMethod":false},{"classLoaderName":null,"moduleName":null,"moduleVersion":null,"methodName":"createIndexKey","fileName":"StubIndexKey.java","lineNumber":29,"className":"com.intellij.psi.stubs.StubIndexKey","nativeMethod":false},{"classLoaderName":null,"moduleName":null,"moduleVersion":null,"methodName":"<clinit>","fileName":"DomNamespaceKeyIndex.java","lineNumber":17,"className":"com.intellij.util.xml.stubs.index.DomNamespaceKeyIndex","nativeMethod":false},{"classLoaderName":null,"moduleName":"java.base","moduleVersion":"21.0.6","methodName":"allocateInstance","fileName":"Unsafe.java","lineNumber":-2,"className":"jdk.internal.misc.Unsafe","nativeMethod":true},{"classLoaderName":null,"moduleName":"java.base","moduleVersion":"21.0.6","methodName":"allocateInstance","fileName":"DirectMethodHandle.java","lineNumber":501,"className":"java.lang.invoke.DirectMethodHandle","nativeMethod":false},{"classLoaderName":null,"moduleName":null,"moduleVersion":null,"methodName":"findConstructorAndInstantiateClass","fileName":"ComponentManagerImpl.kt","lineNumber":909,"className":"com.intellij.serviceContainer.ComponentManagerImpl","nativeMethod":false},{"classLoaderName":null,"moduleName":null,"moduleVersion":null,"methodName":"doInstantiateClass","fileName":"ComponentManagerImpl.kt","lineNumber":918,"className":"com.intellij.serviceContainer.ComponentManagerImpl","nativeMethod":false},{"classLoaderName":null,"moduleName":null,"moduleVersion":null,"methodName":"instantiateClass","fileName":"ComponentManagerImpl.kt","lineNumber":903,"className":"com.intellij.serviceContainer.ComponentManagerImpl","nativeMethod":false},{"classLoaderName":null,"moduleName":null,"moduleVersion":null,"methodName":"instantiateClass","fileName":"XmlExtensionAdapter.kt","lineNumber":103,"className":"com.intellij.openapi.extensions.impl.SimpleConstructorInjectionAdapter","nativeMethod":false},{"classLoaderName":null,"moduleName":null,"moduleVersion":null,"methodName":"doCreateInstance","fileName":"XmlExtensionAdapter.kt","lineNumber":52,"className":"com.intellij.openapi.extensions.impl.XmlExtensionAdapter","nativeMethod":false},{"classLoaderName":null,"moduleName":null,"moduleVersion":null,"methodName":"createInstance","fileName":"XmlExtensionAdapter.kt","lineNumber":33,"className":"com.intellij.openapi.extensions.impl.XmlExtensionAdapter","nativeMethod":false},{"classLoaderName":null,"moduleName":null,"moduleVersion":null,"methodName":"getOrCreateExtensionInstance","fileName":"ExtensionPointImpl.kt","lineNumber":1059,"className":"com.intellij.openapi.extensions.impl.ExtensionPointImplKt","nativeMethod":false},{"classLoaderName":null,"moduleName":null,"moduleVersion":null,"methodName":"access$getOrCreateExtensionInstance","fileName":"ExtensionPointImpl.kt","lineNumber":1,"className":"com.intellij.openapi.extensions.impl.ExtensionPointImplKt","nativeMethod":false},{"classLoaderName":null,"moduleName":null,"moduleVersion":null,"methodName":"advanceToNextNonNull","fileName":"ExtensionPointImpl.kt","lineNumber":292,"className":"com.intellij.openapi.extensions.impl.ExtensionPointImpl$iterator$2","nativeMethod":false},{"classLoaderName":null,"moduleName":null,"moduleVersion":null,"methodName":"hasNext","fileName":"ExtensionPointImpl.kt","lineNumber":274,"className":"com.intellij.openapi.extensions.impl.ExtensionPointImpl$iterator$2","nativeMethod":false},{"classLoaderName":null,"moduleName":null,"moduleVersion":null,"methodName":"prepareTasks","fileName":"StubIndexImpl.java","lineNumber":395,"className":"com.intellij.psi.stubs.StubIndexImpl$StubIndexInitialization","nativeMethod":false},{"classLoaderName":null,"moduleName":null,"moduleVersion":null,"methodName":"call","fileName":"IndexDataInitializer.kt","lineNumber":25,"className":"com.intellij.util.indexing.IndexDataInitializer","nativeMethod":false},{"classLoaderName":null,"moduleName":null,"moduleVersion":null,"methodName":"invokeSuspend","fileName":"IndexDataInitializer.kt","lineNumber":72,"className":"com.intellij.util.indexing.IndexDataInitializer$Companion$submitGenesisTask$2","nativeMethod":false},{"classLoaderName":null,"moduleName":null,"moduleVersion":null,"methodName":"resumeWith","fileName":"ContinuationImpl.kt","lineNumber":33,"className":"kotlin.coroutines.jvm.internal.BaseContinuationImpl","nativeMethod":false},{"classLoaderName":null,"moduleName":null,"moduleVersion":null,"methodName":"run","fileName":"DispatchedTask.kt","lineNumber":104,"className":"kotlinx.coroutines.DispatchedTask","nativeMethod":false},{"classLoaderName":null,"moduleName":null,"moduleVersion":null,"methodName":"run","fileName":"LimitedDispatcher.kt","lineNumber":111,"className":"kotlinx.coroutines.internal.LimitedDispatcher$Worker","nativeMethod":false},{"classLoaderName":null,"moduleName":null,"moduleVersion":null,"methodName":"run","fileName":"Tasks.kt","lineNumber":99,"className":"kotlinx.coroutines.scheduling.TaskImpl","nativeMethod":false},{"classLoaderName":null,"moduleName":null,"moduleVersion":null,"methodName":"runSafely","fileName":"CoroutineScheduler.kt","lineNumber":608,"className":"kotlinx.coroutines.scheduling.CoroutineScheduler","nativeMethod":false},{"classLoaderName":null,"moduleName":null,"moduleVersion":null,"methodName":"executeTask","fileName":"CoroutineScheduler.kt","lineNumber":873,"className":"kotlinx.coroutines.scheduling.CoroutineScheduler$Worker","nativeMethod":false},{"classLoaderName":null,"moduleName":null,"moduleVersion":null,"methodName":"runWorker","fileName":"CoroutineScheduler.kt","lineNumber":763,"className":"kotlinx.coroutines.scheduling.CoroutineScheduler$Worker","nativeMethod":false},{"classLoaderName":null,"moduleName":null,"moduleVersion":null,"methodName":"run","fileName":"CoroutineScheduler.kt","lineNumber":750,"className":"kotlinx.coroutines.scheduling.CoroutineScheduler$Worker","nativeMethod":false}],"message":null,"suppressed":[],"localizedMessage":null},"name":"dom.namespaceKey"},{"uniqueId":147,"pluginId":{"idString":"com.intellij.css"},"registrationTrace":{"cause":null,"stackTrace":[{"classLoaderName":null,"moduleName":null,"moduleVersion":null,"methodName":"<init>","fileName":"ID.java","lineNumber":110,"className":"com.intellij.util.indexing.ID","nativeMethod":false},{"classLoaderName":null,"moduleName":null,"moduleVersion":null,"methodName":"<init>","fileName":"StubIndexKey.java","lineNumber":17,"className":"com.intellij.psi.stubs.StubIndexKey","nativeMethod":false},{"classLoaderName":null,"moduleName":null,"moduleVersion":null,"methodName":"createIndexKey","fileName":"StubIndexKey.java","lineNumber":29,"className":"com.intellij.psi.stubs.StubIndexKey","nativeMethod":false},{"classLoaderName":null,"moduleName":null,"moduleVersion":null,"methodName":"<clinit>","fileName":"CssCustomPropertyAtRuleIndex.kt","lineNumber":9,"className":"com.intellij.psi.css.impl.stubs.index.CssCustomPropertyAtRuleIndex","nativeMethod":false},{"classLoaderName":null,"moduleName":"java.base","moduleVersion":"21.0.6","methodName":"allocateInstance","fileName":"Unsafe.java","lineNumber":-2,"className":"jdk.internal.misc.Unsafe","nativeMethod":true},{"classLoaderName":null,"moduleName":"java.base","moduleVersion":"21.0.6","methodName":"allocateInstance","fileName":"DirectMethodHandle.java","lineNumber":501,"className":"java.lang.invoke.DirectMethodHandle","nativeMethod":false},{"classLoaderName":null,"moduleName":null,"moduleVersion":null,"methodName":"findConstructorAndInstantiateClass","fileName":"ComponentManagerImpl.kt","lineNumber":909,"className":"com.intellij.serviceContainer.ComponentManagerImpl","nativeMethod":false},{"classLoaderName":null,"moduleName":null,"moduleVersion":null,"methodName":"doInstantiateClass","fileName":"ComponentManagerImpl.kt","lineNumber":918,"className":"com.intellij.serviceContainer.ComponentManagerImpl","nativeMethod":false},{"classLoaderName":null,"moduleName":null,"moduleVersion":null,"methodName":"instantiateClass","fileName":"ComponentManagerImpl.kt","lineNumber":903,"className":"com.intellij.serviceContainer.ComponentManagerImpl","nativeMethod":false},{"classLoaderName":null,"moduleName":null,"moduleVersion":null,"methodName":"instantiateClass","fileName":"XmlExtensionAdapter.kt","lineNumber":103,"className":"com.intellij.openapi.extensions.impl.SimpleConstructorInjectionAdapter","nativeMethod":false},{"classLoaderName":null,"moduleName":null,"moduleVersion":null,"methodName":"doCreateInstance","fileName":"XmlExtensionAdapter.kt","lineNumber":52,"className":"com.intellij.openapi.extensions.impl.XmlExtensionAdapter","nativeMethod":false},{"classLoaderName":null,"moduleName":null,"moduleVersion":null,"methodName":"createInstance","fileName":"XmlExtensionAdapter.kt","lineNumber":33,"className":"com.intellij.openapi.extensions.impl.XmlExtensionAdapter","nativeMethod":false},{"classLoaderName":null,"moduleName":null,"moduleVersion":null,"methodName":"getOrCreateExtensionInstance","fileName":"ExtensionPointImpl.kt","lineNumber":1059,"className":"com.intellij.openapi.extensions.impl.ExtensionPointImplKt","nativeMethod":false},{"classLoaderName":null,"moduleName":null,"moduleVersion":null,"methodName":"access$getOrCreateExtensionInstance","fileName":"ExtensionPointImpl.kt","lineNumber":1,"className":"com.intellij.openapi.extensions.impl.ExtensionPointImplKt","nativeMethod":false},{"classLoaderName":null,"moduleName":null,"moduleVersion":null,"methodName":"advanceToNextNonNull","fileName":"ExtensionPointImpl.kt","lineNumber":292,"className":"com.intellij.openapi.extensions.impl.ExtensionPointImpl$iterator$2","nativeMethod":false},{"classLoaderName":null,"moduleName":null,"moduleVersion":null,"methodName":"hasNext","fileName":"ExtensionPointImpl.kt","lineNumber":274,"className":"com.intellij.openapi.extensions.impl.ExtensionPointImpl$iterator$2","nativeMethod":false},{"classLoaderName":null,"moduleName":null,"moduleVersion":null,"methodName":"prepareTasks","fileName":"StubIndexImpl.java","lineNumber":395,"className":"com.intellij.psi.stubs.StubIndexImpl$StubIndexInitialization","nativeMethod":false},{"classLoaderName":null,"moduleName":null,"moduleVersion":null,"methodName":"call","fileName":"IndexDataInitializer.kt","lineNumber":25,"className":"com.intellij.util.indexing.IndexDataInitializer","nativeMethod":false},{"classLoaderName":null,"moduleName":null,"moduleVersion":null,"methodName":"invokeSuspend","fileName":"IndexDataInitializer.kt","lineNumber":72,"className":"com.intellij.util.indexing.IndexDataInitializer$Companion$submitGenesisTask$2","nativeMethod":false},{"classLoaderName":null,"moduleName":null,"moduleVersion":null,"methodName":"resumeWith","fileName":"ContinuationImpl.kt","lineNumber":33,"className":"kotlin.coroutines.jvm.internal.BaseContinuationImpl","nativeMethod":false},{"classLoaderName":null,"moduleName":null,"moduleVersion":null,"methodName":"run","fileName":"DispatchedTask.kt","lineNumber":104,"className":"kotlinx.coroutines.DispatchedTask","nativeMethod":false},{"classLoaderName":null,"moduleName":null,"moduleVersion":null,"methodName":"run","fileName":"LimitedDispatcher.kt","lineNumber":111,"className":"kotlinx.coroutines.internal.LimitedDispatcher$Worker","nativeMethod":false},{"classLoaderName":null,"moduleName":null,"moduleVersion":null,"methodName":"run","fileName":"Tasks.kt","lineNumber":99,"className":"kotlinx.coroutines.scheduling.TaskImpl","nativeMethod":false},{"classLoaderName":null,"moduleName":null,"moduleVersion":null,"methodName":"runSafely","fileName":"CoroutineScheduler.kt","lineNumber":608,"className":"kotlinx.coroutines.scheduling.CoroutineScheduler","nativeMethod":false},{"classLoaderName":null,"moduleName":null,"moduleVersion":null,"methodName":"executeTask","fileName":"CoroutineScheduler.kt","lineNumber":873,"className":"kotlinx.coroutines.scheduling.CoroutineScheduler$Worker","nativeMethod":false},{"classLoaderName":null,"moduleName":null,"moduleVersion":null,"methodName":"runWorker","fileName":"CoroutineScheduler.kt","lineNumber":763,"className":"kotlinx.coroutines.scheduling.CoroutineScheduler$Worker","nativeMethod":false},{"classLoaderName":null,"moduleName":null,"moduleVersion":null,"methodName":"run","fileName":"CoroutineScheduler.kt","lineNumber":750,"className":"kotlinx.coroutines.scheduling.CoroutineScheduler$Worker","nativeMethod":false}],"message":null,"suppressed":[],"localizedMessage":null},"name":"Css.custom.property"},{"uniqueId":148,"pluginId":{"idString":"com.intellij.css"},"registrationTrace":{"cause":null,"stackTrace":[{"classLoaderName":null,"moduleName":null,"moduleVersion":null,"methodName":"<init>","fileName":"ID.java","lineNumber":110,"className":"com.intellij.util.indexing.ID","nativeMethod":false},{"classLoaderName":null,"moduleName":null,"moduleVersion":null,"methodName":"<init>","fileName":"StubIndexKey.java","lineNumber":17,"className":"com.intellij.psi.stubs.StubIndexKey","nativeMethod":false},{"classLoaderName":null,"moduleName":null,"moduleVersion":null,"methodName":"createIndexKey","fileName":"StubIndexKey.java","lineNumber":29,"className":"com.intellij.psi.stubs.StubIndexKey","nativeMethod":false},{"classLoaderName":null,"moduleName":null,"moduleVersion":null,"methodName":"<clinit>","fileName":"CssCustomMixinIndex.java","lineNumber":9,"className":"com.intellij.psi.css.impl.stubs.index.CssCustomMixinIndex","nativeMethod":false},{"classLoaderName":null,"moduleName":"java.base","moduleVersion":"21.0.6","methodName":"allocateInstance","fileName":"Unsafe.java","lineNumber":-2,"className":"jdk.internal.misc.Unsafe","nativeMethod":true},{"classLoaderName":null,"moduleName":"java.base","moduleVersion":"21.0.6","methodName":"allocateInstance","fileName":"DirectMethodHandle.java","lineNumber":501,"className":"java.lang.invoke.DirectMethodHandle","nativeMethod":false},{"classLoaderName":null,"moduleName":null,"moduleVersion":null,"methodName":"findConstructorAndInstantiateClass","fileName":"ComponentManagerImpl.kt","lineNumber":909,"className":"com.intellij.serviceContainer.ComponentManagerImpl","nativeMethod":false},{"classLoaderName":null,"moduleName":null,"moduleVersion":null,"methodName":"doInstantiateClass","fileName":"ComponentManagerImpl.kt","lineNumber":918,"className":"com.intellij.serviceContainer.ComponentManagerImpl","nativeMethod":false},{"classLoaderName":null,"moduleName":null,"moduleVersion":null,"methodName":"instantiateClass","fileName":"ComponentManagerImpl.kt","lineNumber":903,"className":"com.intellij.serviceContainer.ComponentManagerImpl","nativeMethod":false},{"classLoaderName":null,"moduleName":null,"moduleVersion":null,"methodName":"instantiateClass","fileName":"XmlExtensionAdapter.kt","lineNumber":103,"className":"com.intellij.openapi.extensions.impl.SimpleConstructorInjectionAdapter","nativeMethod":false},{"classLoaderName":null,"moduleName":null,"moduleVersion":null,"methodName":"doCreateInstance","fileName":"XmlExtensionAdapter.kt","lineNumber":52,"className":"com.intellij.openapi.extensions.impl.XmlExtensionAdapter","nativeMethod":false},{"classLoaderName":null,"moduleName":null,"moduleVersion":null,"methodName":"createInstance","fileName":"XmlExtensionAdapter.kt","lineNumber":33,"className":"com.intellij.openapi.extensions.impl.XmlExtensionAdapter","nativeMethod":false},{"classLoaderName":null,"moduleName":null,"moduleVersion":null,"methodName":"getOrCreateExtensionInstance","fileName":"ExtensionPointImpl.kt","lineNumber":1059,"className":"com.intellij.openapi.extensions.impl.ExtensionPointImplKt","nativeMethod":false},{"classLoaderName":null,"moduleName":null,"moduleVersion":null,"methodName":"access$getOrCreateExtensionInstance","fileName":"ExtensionPointImpl.kt","lineNumber":1,"className":"com.intellij.openapi.extensions.impl.ExtensionPointImplKt","nativeMethod":false},{"classLoaderName":null,"moduleName":null,"moduleVersion":null,"methodName":"advanceToNextNonNull","fileName":"ExtensionPointImpl.kt","lineNumber":292,"className":"com.intellij.openapi.extensions.impl.ExtensionPointImpl$iterator$2","nativeMethod":false},{"classLoaderName":null,"moduleName":null,"moduleVersion":null,"methodName":"hasNext","fileName":"ExtensionPointImpl.kt","lineNumber":274,"className":"com.intellij.openapi.extensions.impl.ExtensionPointImpl$iterator$2","nativeMethod":false},{"classLoaderName":null,"moduleName":null,"moduleVersion":null,"methodName":"prepareTasks","fileName":"StubIndexImpl.java","lineNumber":395,"className":"com.intellij.psi.stubs.StubIndexImpl$StubIndexInitialization","nativeMethod":false},{"classLoaderName":null,"moduleName":null,"moduleVersion":null,"methodName":"call","fileName":"IndexDataInitializer.kt","lineNumber":25,"className":"com.intellij.util.indexing.IndexDataInitializer","nativeMethod":false},{"classLoaderName":null,"moduleName":null,"moduleVersion":null,"methodName":"invokeSuspend","fileName":"IndexDataInitializer.kt","lineNumber":72,"className":"com.intellij.util.indexing.IndexDataInitializer$Companion$submitGenesisTask$2","nativeMethod":false},{"classLoaderName":null,"moduleName":null,"moduleVersion":null,"methodName":"resumeWith","fileName":"ContinuationImpl.kt","lineNumber":33,"className":"kotlin.coroutines.jvm.internal.BaseContinuationImpl","nativeMethod":false},{"classLoaderName":null,"moduleName":null,"moduleVersion":null,"methodName":"run","fileName":"DispatchedTask.kt","lineNumber":104,"className":"kotlinx.coroutines.DispatchedTask","nativeMethod":false},{"classLoaderName":null,"moduleName":null,"moduleVersion":null,"methodName":"run","fileName":"LimitedDispatcher.kt","lineNumber":111,"className":"kotlinx.coroutines.internal.LimitedDispatcher$Worker","nativeMethod":false},{"classLoaderName":null,"moduleName":null,"moduleVersion":null,"methodName":"run","fileName":"Tasks.kt","lineNumber":99,"className":"kotlinx.coroutines.scheduling.TaskImpl","nativeMethod":false},{"classLoaderName":null,"moduleName":null,"moduleVersion":null,"methodName":"runSafely","fileName":"CoroutineScheduler.kt","lineNumber":608,"className":"kotlinx.coroutines.scheduling.CoroutineScheduler","nativeMethod":false},{"classLoaderName":null,"moduleName":null,"moduleVersion":null,"methodName":"executeTask","fileName":"CoroutineScheduler.kt","lineNumber":873,"className":"kotlinx.coroutines.scheduling.CoroutineScheduler$Worker","nativeMethod":false},{"classLoaderName":null,"moduleName":null,"moduleVersion":null,"methodName":"runWorker","fileName":"CoroutineScheduler.kt","lineNumber":763,"className":"kotlinx.coroutines.scheduling.CoroutineScheduler$Worker","nativeMethod":false},{"classLoaderName":null,"moduleName":null,"moduleVersion":null,"methodName":"run","fileName":"CoroutineScheduler.kt","lineNumber":750,"className":"kotlinx.coroutines.scheduling.CoroutineScheduler$Worker","nativeMethod":false}],"message":null,"suppressed":[],"localizedMessage":null},"name":"Css.custom.mixin"},{"uniqueId":140,"pluginId":{"idString":"com.intellij"},"registrationTrace":{"cause":null,"stackTrace":[{"classLoaderName":null,"moduleName":null,"moduleVersion":null,"methodName":"<init>","fileName":"ID.java","lineNumber":110,"className":"com.intellij.util.indexing.ID","nativeMethod":false},{"classLoaderName":null,"moduleName":null,"moduleVersion":null,"methodName":"<init>","fileName":"StubIndexKey.java","lineNumber":17,"className":"com.intellij.psi.stubs.StubIndexKey","nativeMethod":false},{"classLoaderName":null,"moduleName":null,"moduleVersion":null,"methodName":"createIndexKey","fileName":"StubIndexKey.java","lineNumber":29,"className":"com.intellij.psi.stubs.StubIndexKey","nativeMethod":false},{"classLoaderName":null,"moduleName":null,"moduleVersion":null,"methodName":"<clinit>","fileName":"DomElementClassIndex.java","lineNumber":21,"className":"com.intellij.util.xml.stubs.index.DomElementClassIndex","nativeMethod":false},{"classLoaderName":null,"moduleName":"java.base","moduleVersion":"21.0.6","methodName":"allocateInstance","fileName":"Unsafe.java","lineNumber":-2,"className":"jdk.internal.misc.Unsafe","nativeMethod":true},{"classLoaderName":null,"moduleName":"java.base","moduleVersion":"21.0.6","methodName":"allocateInstance","fileName":"DirectMethodHandle.java","lineNumber":501,"className":"java.lang.invoke.DirectMethodHandle","nativeMethod":false},{"classLoaderName":null,"moduleName":null,"moduleVersion":null,"methodName":"findConstructorAndInstantiateClass","fileName":"ComponentManagerImpl.kt","lineNumber":909,"className":"com.intellij.serviceContainer.ComponentManagerImpl","nativeMethod":false},{"classLoaderName":null,"moduleName":null,"moduleVersion":null,"methodName":"doInstantiateClass","fileName":"ComponentManagerImpl.kt","lineNumber":918,"className":"com.intellij.serviceContainer.ComponentManagerImpl","nativeMethod":false},{"classLoaderName":null,"moduleName":null,"moduleVersion":null,"methodName":"instantiateClass","fileName":"ComponentManagerImpl.kt","lineNumber":903,"className":"com.intellij.serviceContainer.ComponentManagerImpl","nativeMethod":false},{"classLoaderName":null,"moduleName":null,"moduleVersion":null,"methodName":"instantiateClass","fileName":"XmlExtensionAdapter.kt","lineNumber":103,"className":"com.intellij.openapi.extensions.impl.SimpleConstructorInjectionAdapter","nativeMethod":false},{"classLoaderName":null,"moduleName":null,"moduleVersion":null,"methodName":"doCreateInstance","fileName":"XmlExtensionAdapter.kt","lineNumber":52,"className":"com.intellij.openapi.extensions.impl.XmlExtensionAdapter","nativeMethod":false},{"classLoaderName":null,"moduleName":null,"moduleVersion":null,"methodName":"createInstance","fileName":"XmlExtensionAdapter.kt","lineNumber":33,"className":"com.intellij.openapi.extensions.impl.XmlExtensionAdapter","nativeMethod":false},{"classLoaderName":null,"moduleName":null,"moduleVersion":null,"methodName":"getOrCreateExtensionInstance","fileName":"ExtensionPointImpl.kt","lineNumber":1059,"className":"com.intellij.openapi.extensions.impl.ExtensionPointImplKt","nativeMethod":false},{"classLoaderName":null,"moduleName":null,"moduleVersion":null,"methodName":"access$getOrCreateExtensionInstance","fileName":"ExtensionPointImpl.kt","lineNumber":1,"className":"com.intellij.openapi.extensions.impl.ExtensionPointImplKt","nativeMethod":false},{"classLoaderName":null,"moduleName":null,"moduleVersion":null,"methodName":"advanceToNextNonNull","fileName":"ExtensionPointImpl.kt","lineNumber":292,"className":"com.intellij.openapi.extensions.impl.ExtensionPointImpl$iterator$2","nativeMethod":false},{"classLoaderName":null,"moduleName":null,"moduleVersion":null,"methodName":"hasNext","fileName":"ExtensionPointImpl.kt","lineNumber":274,"className":"com.intellij.openapi.extensions.impl.ExtensionPointImpl$iterator$2","nativeMethod":false},{"classLoaderName":null,"moduleName":null,"moduleVersion":null,"methodName":"prepareTasks","fileName":"StubIndexImpl.java","lineNumber":395,"className":"com.intellij.psi.stubs.StubIndexImpl$StubIndexInitialization","nativeMethod":false},{"classLoaderName":null,"moduleName":null,"moduleVersion":null,"methodName":"call","fileName":"IndexDataInitializer.kt","lineNumber":25,"className":"com.intellij.util.indexing.IndexDataInitializer","nativeMethod":false},{"classLoaderName":null,"moduleName":null,"moduleVersion":null,"methodName":"invokeSuspend","fileName":"IndexDataInitializer.kt","lineNumber":72,"className":"com.intellij.util.indexing.IndexDataInitializer$Companion$submitGenesisTask$2","nativeMethod":false},{"classLoaderName":null,"moduleName":null,"moduleVersion":null,"methodName":"resumeWith","fileName":"ContinuationImpl.kt","lineNumber":33,"className":"kotlin.coroutines.jvm.internal.BaseContinuationImpl","nativeMethod":false},{"classLoaderName":null,"moduleName":null,"moduleVersion":null,"methodName":"run","fileName":"DispatchedTask.kt","lineNumber":104,"className":"kotlinx.coroutines.DispatchedTask","nativeMethod":false},{"classLoaderName":null,"moduleName":null,"moduleVersion":null,"methodName":"run","fileName":"LimitedDispatcher.kt","lineNumber":111,"className":"kotlinx.coroutines.internal.LimitedDispatcher$Worker","nativeMethod":false},{"classLoaderName":null,"moduleName":null,"moduleVersion":null,"methodName":"run","fileName":"Tasks.kt","lineNumber":99,"className":"kotlinx.coroutines.scheduling.TaskImpl","nativeMethod":false},{"classLoaderName":null,"moduleName":null,"moduleVersion":null,"methodName":"runSafely","fileName":"CoroutineScheduler.kt","lineNumber":608,"className":"kotlinx.coroutines.scheduling.CoroutineScheduler","nativeMethod":false},{"classLoaderName":null,"moduleName":null,"moduleVersion":null,"methodName":"executeTask","fileName":"CoroutineScheduler.kt","lineNumber":873,"className":"kotlinx.coroutines.scheduling.CoroutineScheduler$Worker","nativeMethod":false},{"classLoaderName":null,"moduleName":null,"moduleVersion":null,"methodName":"runWorker","fileName":"CoroutineScheduler.kt","lineNumber":763,"className":"kotlinx.coroutines.scheduling.CoroutineScheduler$Worker","nativeMethod":false},{"classLoaderName":null,"moduleName":null,"moduleVersion":null,"methodName":"run","fileName":"CoroutineScheduler.kt","lineNumber":750,"className":"kotlinx.coroutines.scheduling.CoroutineScheduler$Worker","nativeMethod":false}],"message":null,"suppressed":[],"localizedMessage":null},"name":"dom.elementClass"}],"fbIndexToDirectorySize":{"php.meta.type.inference.mapping":71922,"php.aliased.trait.method.name":69304,"php.serialize.function.calls.offsets":67764,"php.trait.usage":142999,"php.class.alias.name":66452,"php.expected.function.return.values":170996,"php.class.alias.fqn":66292,"php.class.to.class.alias":66674,"com.mallowigi.icons.associations.fileAssociationsIndex":912245,"CssIndex":178448,"php.exit.point.function.index":66251,"ru.adelf.idea.php.dotenv.keyValues":69939,"php.constants.default.expected.arguments":135026,"fileIncludes":78721,"html5.custom.attributes.index":66365,"php.function.always.re":66886,"XmlTagNames":76565,"HashFragmentIndex":2227957,"php.function.name":331255,"css.template.selectors":135104,"php.field.names.accessed.by.the.constructor":304655,"php.file.constants.default.value.matchers":459757,"php.functions.with.not.catched.dynamic.passed.calls":89692,"php.array.shapes.entries":163738,"HtmlTagIdIndex":77080,"SchemaTypeInheritance":104004,"psalm.no.return":66849,"php.func.get.arg.usage.index":119470,"php.constants.default.array.shapes":509670,"php.global.assignment.index":66726,"php.parameters.default.value.matchers":3788025,"php.doctag.user.name":89224,"php.array.access.offsets":636179,"php.max.language.level":240037,"json.file.root.values":78866,"php.class.name":577649,"php.doc.type.aliases.index":66953,"php.namespace.inheritance":290760,"php.generic.template.index":74249,"php.interface.fqn":134804,"php.class.attributes.name":68001,"php.generator.operands.type.index":133661,"XmlNamespaces":79669,"php.function.parameters.used.as.regexp":68011,"php.putenv.arguments":66401,"DomFileIndex":69770,"php.fields.default.value.matchers":1502814,"Trigram.Index":6419074,"php.used.parameters.array.keys":368534,"php.expected.function.arguments":762111,"TodoIndex":33432,"php.class.alias.to.class":66724,"php.constant.name":411871,"php.not.used.parameters":800248,"IdIndex":20253700,"php.invoke.calls.offsets":80821,"php.method.name":2710795,"php.class.fqn":865800,"php.variable.name":81770,"php.unit.data.providers":73379,"psalm.constant.reference.wildcard":66662,"php.inferred.meta.pattern.index":66603},"stubIndexToDirectorySize":{"Css.attr":34406,"php.function.non.void.return.type":104190,"php.method.shortName":925575,"Css.class":387075,"php.enum.case.shortName":33852,"php.method.non.never.return.type":394483,"Css.custom.variable":39072,"php.field.shortName":247378,"markdown.header":105819,"php.function.shortName":241481,"php.attribute.fqn":34487,"php.method.never.return.type":33031,"php.interface.shortName":52561,"php.variable.shortName":38618,"php.trait.shortName":40763,"php.namespace.shortName":110331,"ini.property.key":33278,"php.class.shortName":287435,"php.trait.fqn":47914,"php.method.non.void.return.type":268032,"php.use.referenceName":149223,"markdown.header.anchor":97500,"makefile.target.index":33230,"php.function.void.return.type":40257,"php.classConstant.shortName":254649,"php.function.custom.index.map":241481,"php.constant.shortName":33238,"php.function.never.return.type":33004,"php.method.custom.index.map":925575,"php.inheritors":111811,"Css.id":33574,"php.method.void.return.type":97255,"php.function.non.never.return.type":111419,"php.constant.case.sensitive.shortName":311800}}