[{"name":"FlushQueue.executionTime90PNs","description":"","unit":"ns","type":"LONG_GAUGE","data":{"points":[{"startEpochNanos":1744439370062000000,"epochNanos":1744439429810000000,"attributes":{"empty":true},"value":0}]}},{"name":"FlushQueue.tasksExecuted","description":"","unit":"","type":"LONG_GAUGE","data":{"points":[{"startEpochNanos":1744439370062000000,"epochNanos":1744439429810000000,"attributes":{"empty":true},"value":0}]}},{"name":"FlushQueue.waitingTime90PNs","description":"","unit":"ns","type":"LONG_GAUGE","data":{"points":[{"startEpochNanos":1744439370062000000,"epochNanos":1744439429810000000,"attributes":{"empty":true},"value":0}]}},{"name":"WriteAction.executionsCount","description":"Total write actions executed","unit":"","type":"LONG_SUM","data":{"points":[{"startEpochNanos":1744439370062000000,"epochNanos":1744439429810000000,"attributes":{"empty":true},"value":0}],"monotonic":true,"aggregationTemporality":"DELTA"}},{"name":"FlushQueue.queueSizeMax","description":"","unit":"","type":"LONG_GAUGE","data":{"points":[{"startEpochNanos":1744439370062000000,"epochNanos":1744439429810000000,"attributes":{"empty":true},"value":0}]}},{"name":"FlushQueue.waitingTimeAvgNs","description":"","unit":"ns","type":"DOUBLE_GAUGE","data":{"points":[{"startEpochNanos":1744439370062000000,"epochNanos":1744439429810000000,"attributes":{"empty":true},"value":0.0}]}},{"name":"AWTEventQueue.eventsDispatched","description":"","unit":"","type":"LONG_GAUGE","data":{"points":[{"startEpochNanos":1744439370062000000,"epochNanos":1744439429810000000,"attributes":{"empty":true},"value":0}]}},{"name":"FlushQueue.waitingTimeMaxNs","description":"","unit":"ns","type":"LONG_GAUGE","data":{"points":[{"startEpochNanos":1744439370062000000,"epochNanos":1744439429810000000,"attributes":{"empty":true},"value":0}]}},{"name":"FlushQueue.queueSize90P","description":"","unit":"","type":"LONG_GAUGE","data":{"points":[{"startEpochNanos":1744439370062000000,"epochNanos":1744439429810000000,"attributes":{"empty":true},"value":0}]}},{"name":"NonBlockingReadAction.finalizedExecutionTimeUs","description":"","unit":"","type":"LONG_SUM","data":{"points":[{"startEpochNanos":1744439370062000000,"epochNanos":1744439429810000000,"attributes":{"empty":true},"value":120925325}],"monotonic":true,"aggregationTemporality":"DELTA"}},{"name":"NonBlockingReadAction.finalizedExecutionsCount","description":"","unit":"","type":"LONG_SUM","data":{"points":[{"startEpochNanos":1744439370062000000,"epochNanos":1744439429810000000,"attributes":{"empty":true},"value":1}],"monotonic":true,"aggregationTemporality":"DELTA"}},{"name":"AWTEventQueue.dispatchTimeTotalNS","description":"","unit":"ns","type":"LONG_SUM","data":{"points":[{"startEpochNanos":1744439370062000000,"epochNanos":1744439429810000000,"attributes":{"empty":true},"value":3803002}],"monotonic":true,"aggregationTemporality":"DELTA"}},{"name":"FlushQueue.executionTimeMaxNs","description":"","unit":"ns","type":"LONG_GAUGE","data":{"points":[{"startEpochNanos":1744439370062000000,"epochNanos":1744439429810000000,"attributes":{"empty":true},"value":0}]}},{"name":"FlushQueue.executionTimeAvgNs","description":"","unit":"ns","type":"DOUBLE_GAUGE","data":{"points":[{"startEpochNanos":1744439370062000000,"epochNanos":1744439429810000000,"attributes":{"empty":true},"value":0.0}]}},{"name":"AWTEventQueue.dispatchTime90PNs","description":"","unit":"ns","type":"LONG_GAUGE","data":{"points":[{"startEpochNanos":1744439370062000000,"epochNanos":1744439429810000000,"attributes":{"empty":true},"value":0}]}},{"name":"FlushQueue.queueSizeAvg","description":"","unit":"","type":"DOUBLE_GAUGE","data":{"points":[{"startEpochNanos":1744439370062000000,"epochNanos":1744439429810000000,"attributes":{"empty":true},"value":0.0}]}},{"name":"NonBlockingReadAction.failedExecutionsCount","description":"","unit":"","type":"LONG_SUM","data":{"points":[{"startEpochNanos":1744439370062000000,"epochNanos":1744439429810000000,"attributes":{"empty":true},"value":0}],"monotonic":true,"aggregationTemporality":"DELTA"}},{"name":"ReadAction.executionsCount","description":"Total read actions executed","unit":"","type":"LONG_SUM","data":{"points":[{"startEpochNanos":1744439370062000000,"epochNanos":1744439429810000000,"attributes":{"empty":true},"value":7014}],"monotonic":true,"aggregationTemporality":"DELTA"}},{"name":"AWTEventQueue.dispatchTimeMaxNs","description":"","unit":"ns","type":"LONG_GAUGE","data":{"points":[{"startEpochNanos":1744439370062000000,"epochNanos":1744439429810000000,"attributes":{"empty":true},"value":0}]}},{"name":"AWTEventQueue.dispatchTimeAvgNs","description":"","unit":"ns","type":"DOUBLE_GAUGE","data":{"points":[{"startEpochNanos":1744439370062000000,"epochNanos":1744439429810000000,"attributes":{"empty":true},"value":0.0}]}},{"name":"NonBlockingReadAction.failedExecutionTimeUs","description":"","unit":"","type":"LONG_SUM","data":{"points":[{"startEpochNanos":1744439370062000000,"epochNanos":1744439429810000000,"attributes":{"empty":true},"value":0}],"monotonic":true,"aggregationTemporality":"DELTA"}},{"name":"Indexes.entries.lookupDurationAvgMs","description":"","unit":"","type":"DOUBLE_GAUGE","data":{"points":[{"startEpochNanos":1744439370062000000,"epochNanos":1744439429810000000,"attributes":{"empty":true},"value":0.0}]}},{"name":"Indexing.writesQueuedMax","description":"","unit":"","type":"LONG_GAUGE","data":{"points":[{"startEpochNanos":1744439370062000000,"epochNanos":1744439429810000000,"attributes":{"empty":true},"value":0}]}},{"name":"Indexes.entries.lookupDuration90PMs","description":"","unit":"","type":"DOUBLE_GAUGE","data":{"points":[{"startEpochNanos":1744439370062000000,"epochNanos":1744439429810000000,"attributes":{"empty":true},"value":0.0}]}},{"name":"Indexes.entries.lookups","description":"","unit":"","type":"LONG_SUM","data":{"points":[{"startEpochNanos":1744439370062000000,"epochNanos":1744439429810000000,"attributes":{"empty":true},"value":1}],"monotonic":true,"aggregationTemporality":"DELTA"}},{"name":"Indexing.writesQueuedMin","description":"","unit":"","type":"LONG_GAUGE","data":{"points":[{"startEpochNanos":1744439370062000000,"epochNanos":1744439429810000000,"attributes":{"empty":true},"value":9223372036854775807}]}},{"name":"Indexing.cache.totalCacheEvicted","description":"","unit":"","type":"LONG_SUM","data":{"points":[{"startEpochNanos":1744439370062000000,"epochNanos":1744439429810000000,"attributes":{"empty":true},"value":558482}],"monotonic":true,"aggregationTemporality":"DELTA"}},{"name":"Indexing.writer_0.totalTimeSpentWritingMs","description":"","unit":"","type":"LONG_SUM","data":{"points":[{"startEpochNanos":1744439370062000000,"epochNanos":1744439429810000000,"attributes":{"empty":true},"value":0}],"monotonic":true,"aggregationTemporality":"DELTA"}},{"name":"Indexes.stubs.lookupDurationMaxMs","description":"","unit":"","type":"DOUBLE_GAUGE","data":{"points":[{"startEpochNanos":1744439370062000000,"epochNanos":1744439429810000000,"attributes":{"empty":true},"value":0.0}]}},{"name":"Indexing.writer_3.totalTimeSpentWritingMs","description":"","unit":"","type":"LONG_SUM","data":{"points":[{"startEpochNanos":1744439370062000000,"epochNanos":1744439429810000000,"attributes":{"empty":true},"value":0}],"monotonic":true,"aggregationTemporality":"DELTA"}},{"name":"Indexing.writer_1.totalTimeSpentWritingMs","description":"","unit":"","type":"LONG_SUM","data":{"points":[{"startEpochNanos":1744439370062000000,"epochNanos":1744439429810000000,"attributes":{"empty":true},"value":0}],"monotonic":true,"aggregationTemporality":"DELTA"}},{"name":"Indexes.allKeys.lookups","description":"","unit":"","type":"LONG_SUM","data":{"points":[{"startEpochNanos":1744439370062000000,"epochNanos":1744439429810000000,"attributes":{"empty":true},"value":0}],"monotonic":true,"aggregationTemporality":"DELTA"}},{"name":"Indexes.stubs.lookupDuration90PMs","description":"","unit":"","type":"DOUBLE_GAUGE","data":{"points":[{"startEpochNanos":1744439370062000000,"epochNanos":1744439429810000000,"attributes":{"empty":true},"value":0.0}]}},{"name":"Indexes.stubs.lookups","description":"","unit":"","type":"LONG_SUM","data":{"points":[{"startEpochNanos":1744439370062000000,"epochNanos":1744439429810000000,"attributes":{"empty":true},"value":0}],"monotonic":true,"aggregationTemporality":"DELTA"}},{"name":"Indexing.writer_2.totalTimeSpentWritingMs","description":"","unit":"","type":"LONG_SUM","data":{"points":[{"startEpochNanos":1744439370062000000,"epochNanos":1744439429810000000,"attributes":{"empty":true},"value":0}],"monotonic":true,"aggregationTemporality":"DELTA"}},{"name":"Indexes.allKeys.lookupDurationMaxMs","description":"","unit":"","type":"DOUBLE_GAUGE","data":{"points":[{"startEpochNanos":1744439370062000000,"epochNanos":1744439429810000000,"attributes":{"empty":true},"value":0.0}]}},{"name":"Indexing.totalTimeIndexersSleptMs","description":"","unit":"","type":"LONG_SUM","data":{"points":[{"startEpochNanos":1744439370062000000,"epochNanos":1744439429810000000,"attributes":{"empty":true},"value":0}],"monotonic":true,"aggregationTemporality":"DELTA"}},{"name":"Indexes.stubs.lookupDurationAvgMs","description":"","unit":"","type":"DOUBLE_GAUGE","data":{"points":[{"startEpochNanos":1744439370062000000,"epochNanos":1744439429810000000,"attributes":{"empty":true},"value":0.0}]}},{"name":"Indexes.allKeys.lookupDurationAvgMs","description":"","unit":"","type":"DOUBLE_GAUGE","data":{"points":[{"startEpochNanos":1744439370062000000,"epochNanos":1744439429810000000,"attributes":{"empty":true},"value":0.0}]}},{"name":"Indexing.cache.totalCacheMisses","description":"","unit":"","type":"LONG_SUM","data":{"points":[{"startEpochNanos":1744439370062000000,"epochNanos":1744439429810000000,"attributes":{"empty":true},"value":360573}],"monotonic":true,"aggregationTemporality":"DELTA"}},{"name":"Indexing.cache.totalCacheAccesses","description":"","unit":"","type":"LONG_SUM","data":{"points":[{"startEpochNanos":1744439370062000000,"epochNanos":1744439429810000000,"attributes":{"empty":true},"value":1973747}],"monotonic":true,"aggregationTemporality":"DELTA"}},{"name":"Indexes.allKeys.lookupDuration90PMs","description":"","unit":"","type":"DOUBLE_GAUGE","data":{"points":[{"startEpochNanos":1744439370062000000,"epochNanos":1744439429810000000,"attributes":{"empty":true},"value":0.0}]}},{"name":"Indexes.entries.lookupDurationMaxMs","description":"","unit":"","type":"DOUBLE_GAUGE","data":{"points":[{"startEpochNanos":1744439370062000000,"epochNanos":1744439429810000000,"attributes":{"empty":true},"value":0.0}]}},{"name":"DiskQueryRelay.tasksRequested","description":"","unit":"","type":"LONG_SUM","data":{"points":[{"startEpochNanos":1744439370062000000,"epochNanos":1744439429810000000,"attributes":{"empty":true},"value":4128}],"monotonic":true,"aggregationTemporality":"DELTA"}},{"name":"parser.CSS.size.bytes","description":"","unit":"byte","type":"LONG_SUM","data":{"points":[{"startEpochNanos":1744439370062000000,"epochNanos":1744439429810000000,"attributes":{"empty":true},"value":3933740}],"monotonic":true,"aggregationTemporality":"DELTA"}},{"name":"lexer.HTML.size.bytes","description":"","unit":"byte","type":"LONG_SUM","data":{"points":[{"startEpochNanos":1744439370062000000,"epochNanos":1744439429810000000,"attributes":{"empty":true},"value":43665}],"monotonic":true,"aggregationTemporality":"DELTA"}},{"name":"parser.Makefile.time.ns","description":"","unit":"ns","type":"LONG_SUM","data":{"points":[{"startEpochNanos":1744439370062000000,"epochNanos":1744439429810000000,"attributes":{"empty":true},"value":1971700}],"monotonic":true,"aggregationTemporality":"DELTA"}},{"name":"DiskQueryRelay.tasksExecuted","description":"","unit":"","type":"LONG_SUM","data":{"points":[{"startEpochNanos":1744439370062000000,"epochNanos":1744439429810000000,"attributes":{"empty":true},"value":4128}],"monotonic":true,"aggregationTemporality":"DELTA"}},{"name":"lexer.CSS.time.ns","description":"","unit":"ns","type":"LONG_SUM","data":{"points":[{"startEpochNanos":1744439370062000000,"epochNanos":1744439429810000000,"attributes":{"empty":true},"value":1185178381}],"monotonic":true,"aggregationTemporality":"DELTA"}},{"name":"writeAction.wait.ms","description":"Total time waiting for the write lock","unit":"ms","type":"LONG_SUM","data":{"points":[{"startEpochNanos":1744439370062000000,"epochNanos":1744439429810000000,"attributes":{"empty":true},"value":0}],"monotonic":true,"aggregationTemporality":"DELTA"}},{"name":"parser.Ini.time.ns","description":"","unit":"ns","type":"LONG_SUM","data":{"points":[{"startEpochNanos":1744439370062000000,"epochNanos":1744439429810000000,"attributes":{"empty":true},"value":215200}],"monotonic":true,"aggregationTemporality":"DELTA"}},{"name":"parser.CSS.time.ns","description":"","unit":"ns","type":"LONG_SUM","data":{"points":[{"startEpochNanos":1744439370062000000,"epochNanos":1744439429810000000,"attributes":{"empty":true},"value":2044834142}],"monotonic":true,"aggregationTemporality":"DELTA"}},{"name":"parser.Markdown.time.ns","description":"","unit":"ns","type":"LONG_SUM","data":{"points":[{"startEpochNanos":1744439370062000000,"epochNanos":1744439429810000000,"attributes":{"empty":true},"value":318538290}],"monotonic":true,"aggregationTemporality":"DELTA"}},{"name":"parser.DotEnv.time.ns","description":"","unit":"ns","type":"LONG_SUM","data":{"points":[{"startEpochNanos":1744439370062000000,"epochNanos":1744439429810000000,"attributes":{"empty":true},"value":95000}],"monotonic":true,"aggregationTemporality":"DELTA"}},{"name":"parser.DotEnv.size.bytes","description":"","unit":"byte","type":"LONG_SUM","data":{"points":[{"startEpochNanos":1744439370062000000,"epochNanos":1744439429810000000,"attributes":{"empty":true},"value":27}],"monotonic":true,"aggregationTemporality":"DELTA"}},{"name":"parser.PHP.size.bytes","description":"","unit":"byte","type":"LONG_SUM","data":{"points":[{"startEpochNanos":1744439370062000000,"epochNanos":1744439429810000000,"attributes":{"empty":true},"value":17644097}],"monotonic":true,"aggregationTemporality":"DELTA"}},{"name":"writeAction.max.wait.ms","description":"Max time waiting for the write lock","unit":"ms","type":"LONG_GAUGE","data":{"points":[{"startEpochNanos":1744439370062000000,"epochNanos":1744439429810000000,"attributes":{"empty":true},"value":33}]}},{"name":"DiskQueryRelay.taskWaitingTotalTimeUs","description":"","unit":"","type":"LONG_SUM","data":{"points":[{"startEpochNanos":1744439370062000000,"epochNanos":1744439429810000000,"attributes":{"empty":true},"value":19853271}],"monotonic":true,"aggregationTemporality":"DELTA"}},{"name":"lexer.Ini.time.ns","description":"","unit":"ns","type":"LONG_SUM","data":{"points":[{"startEpochNanos":1744439370062000000,"epochNanos":1744439429810000000,"attributes":{"empty":true},"value":64000}],"monotonic":true,"aggregationTemporality":"DELTA"}},{"name":"lexer.CSS.size.bytes","description":"","unit":"byte","type":"LONG_SUM","data":{"points":[{"startEpochNanos":1744439370062000000,"epochNanos":1744439429810000000,"attributes":{"empty":true},"value":3933740}],"monotonic":true,"aggregationTemporality":"DELTA"}},{"name":"writeAction.median.wait.ms","description":"Median time waiting for the write lock, step 100 ms","unit":"ms","type":"LONG_GAUGE","data":{"points":[{"startEpochNanos":1744439370062000000,"epochNanos":1744439429810000000,"attributes":{"empty":true},"value":0}]}},{"name":"writeAction.count","description":"Number of write actions run","unit":"","type":"LONG_SUM","data":{"points":[{"startEpochNanos":1744439370062000000,"epochNanos":1744439429810000000,"attributes":{"empty":true},"value":0}],"monotonic":true,"aggregationTemporality":"DELTA"}},{"name":"parser.Makefile.size.bytes","description":"","unit":"byte","type":"LONG_SUM","data":{"points":[{"startEpochNanos":1744439370062000000,"epochNanos":1744439429810000000,"attributes":{"empty":true},"value":356}],"monotonic":true,"aggregationTemporality":"DELTA"}},{"name":"lexer.Makefile.size.bytes","description":"","unit":"byte","type":"LONG_SUM","data":{"points":[{"startEpochNanos":1744439370062000000,"epochNanos":1744439429810000000,"attributes":{"empty":true},"value":356}],"monotonic":true,"aggregationTemporality":"DELTA"}},{"name":"lexer.Markdown.time.ns","description":"","unit":"ns","type":"LONG_SUM","data":{"points":[{"startEpochNanos":1744439370062000000,"epochNanos":1744439429810000000,"attributes":{"empty":true},"value":129893094}],"monotonic":true,"aggregationTemporality":"DELTA"}},{"name":"lexer.Markdown.size.bytes","description":"","unit":"byte","type":"LONG_SUM","data":{"points":[{"startEpochNanos":1744439370062000000,"epochNanos":1744439429810000000,"attributes":{"empty":true},"value":451717}],"monotonic":true,"aggregationTemporality":"DELTA"}},{"name":"parser.HTML.size.bytes","description":"","unit":"byte","type":"LONG_SUM","data":{"points":[{"startEpochNanos":1744439370062000000,"epochNanos":1744439429810000000,"attributes":{"empty":true},"value":43665}],"monotonic":true,"aggregationTemporality":"DELTA"}},{"name":"DiskQueryRelay.taskExecutionTotalTimeUs","description":"","unit":"","type":"LONG_SUM","data":{"points":[{"startEpochNanos":1744439370062000000,"epochNanos":1744439429810000000,"attributes":{"empty":true},"value":2361389}],"monotonic":true,"aggregationTemporality":"DELTA"}},{"name":"parser.HTML.time.ns","description":"","unit":"ns","type":"LONG_SUM","data":{"points":[{"startEpochNanos":1744439370062000000,"epochNanos":1744439429810000000,"attributes":{"empty":true},"value":84629503}],"monotonic":true,"aggregationTemporality":"DELTA"}},{"name":"lexer.Ini.size.bytes","description":"","unit":"byte","type":"LONG_SUM","data":{"points":[{"startEpochNanos":1744439370062000000,"epochNanos":1744439429810000000,"attributes":{"empty":true},"value":45}],"monotonic":true,"aggregationTemporality":"DELTA"}},{"name":"parser.Markdown.size.bytes","description":"","unit":"byte","type":"LONG_SUM","data":{"points":[{"startEpochNanos":1744439370062000000,"epochNanos":1744439429810000000,"attributes":{"empty":true},"value":451717}],"monotonic":true,"aggregationTemporality":"DELTA"}},{"name":"lexer.DotEnv.size.bytes","description":"","unit":"byte","type":"LONG_SUM","data":{"points":[{"startEpochNanos":1744439370062000000,"epochNanos":1744439429810000000,"attributes":{"empty":true},"value":27}],"monotonic":true,"aggregationTemporality":"DELTA"}},{"name":"parser.PHP.time.ns","description":"","unit":"ns","type":"LONG_SUM","data":{"points":[{"startEpochNanos":1744439370062000000,"epochNanos":1744439429810000000,"attributes":{"empty":true},"value":7947385927}],"monotonic":true,"aggregationTemporality":"DELTA"}},{"name":"parser.Ini.size.bytes","description":"","unit":"byte","type":"LONG_SUM","data":{"points":[{"startEpochNanos":1744439370062000000,"epochNanos":1744439429810000000,"attributes":{"empty":true},"value":45}],"monotonic":true,"aggregationTemporality":"DELTA"}},{"name":"lexer.DotEnv.time.ns","description":"","unit":"ns","type":"LONG_SUM","data":{"points":[{"startEpochNanos":1744439370062000000,"epochNanos":1744439429810000000,"attributes":{"empty":true},"value":38301}],"monotonic":true,"aggregationTemporality":"DELTA"}},{"name":"lexer.PHP.size.bytes","description":"","unit":"byte","type":"LONG_SUM","data":{"points":[{"startEpochNanos":1744439370062000000,"epochNanos":1744439429810000000,"attributes":{"empty":true},"value":17644097}],"monotonic":true,"aggregationTemporality":"DELTA"}},{"name":"lexer.HTML.time.ns","description":"","unit":"ns","type":"LONG_SUM","data":{"points":[{"startEpochNanos":1744439370062000000,"epochNanos":1744439429810000000,"attributes":{"empty":true},"value":44512013}],"monotonic":true,"aggregationTemporality":"DELTA"}},{"name":"lexer.PHP.time.ns","description":"","unit":"ns","type":"LONG_SUM","data":{"points":[{"startEpochNanos":1744439370062000000,"epochNanos":1744439429810000000,"attributes":{"empty":true},"value":1658608151}],"monotonic":true,"aggregationTemporality":"DELTA"}},{"name":"lexer.Makefile.time.ns","description":"","unit":"ns","type":"LONG_SUM","data":{"points":[{"startEpochNanos":1744439370062000000,"epochNanos":1744439429810000000,"attributes":{"empty":true},"value":97699}],"monotonic":true,"aggregationTemporality":"DELTA"}},{"name":"VFS.fileByIdCache.hits","description":"","unit":"","type":"LONG_SUM","data":{"points":[{"startEpochNanos":1744439370062000000,"epochNanos":1744439429810000000,"attributes":{"empty":true},"value":0}],"monotonic":true,"aggregationTemporality":"DELTA"}},{"name":"VFS.invertedFileNameIndex.requests","description":"","unit":"","type":"LONG_SUM","data":{"points":[{"startEpochNanos":1744439370062000000,"epochNanos":1744439429810000000,"attributes":{"empty":true},"value":0}],"monotonic":true,"aggregationTemporality":"DELTA"}},{"name":"VFS.fileChildByName","description":"","unit":"","type":"LONG_SUM","data":{"points":[{"startEpochNanos":1744439370062000000,"epochNanos":1744439429810000000,"attributes":{"empty":true},"value":49}],"monotonic":true,"aggregationTemporality":"DELTA"}},{"name":"VFS.fileByIdCache.misses","description":"","unit":"","type":"LONG_SUM","data":{"points":[{"startEpochNanos":1744439370062000000,"epochNanos":1744439429810000000,"attributes":{"empty":true},"value":0}],"monotonic":true,"aggregationTemporality":"DELTA"}},{"name":"jps.load.project.to.empty.storage.ms","description":"","unit":"","type":"LONG_SUM","data":{"points":[{"startEpochNanos":1744439370062000000,"epochNanos":1744439429810000000,"attributes":{"empty":true},"value":0}],"monotonic":true,"aggregationTemporality":"DELTA"}},{"name":"workspaceModel.do.save.caches.ms","description":"","unit":"","type":"LONG_SUM","data":{"points":[{"startEpochNanos":1744439370062000000,"epochNanos":1744439429810000000,"attributes":{"empty":true},"value":0}],"monotonic":true,"aggregationTemporality":"DELTA"}},{"name":"workspaceModel.mutableEntityStorage.changeLog.addReplaceEventForRemovedParent.ms","description":"","unit":"","type":"LONG_SUM","data":{"points":[{"startEpochNanos":1744439370062000000,"epochNanos":1744439429810000000,"attributes":{"empty":true},"value":0}],"monotonic":true,"aggregationTemporality":"DELTA"}},{"name":"jps.global.get.library.ms","description":"","unit":"","type":"LONG_SUM","data":{"points":[{"startEpochNanos":1744439370062000000,"epochNanos":1744439429810000000,"attributes":{"empty":true},"value":0}],"monotonic":true,"aggregationTemporality":"DELTA"}},{"name":"workspaceModel.moduleManagerBridge.get.modules.ms","description":"","unit":"","type":"LONG_SUM","data":{"points":[{"startEpochNanos":1744439370062000000,"epochNanos":1744439429810000000,"attributes":{"empty":true},"value":0}],"monotonic":true,"aggregationTemporality":"DELTA"}},{"name":"jps.facet.change.listener.process.change.events.ms","description":"","unit":"","type":"LONG_SUM","data":{"points":[{"startEpochNanos":1744439370062000000,"epochNanos":1744439429810000000,"attributes":{"empty":true},"value":0}],"monotonic":true,"aggregationTemporality":"DELTA"}},{"name":"jps.save.global.entities.ms","description":"","unit":"","type":"LONG_SUM","data":{"points":[{"startEpochNanos":1744439370062000000,"epochNanos":1744439429810000000,"attributes":{"empty":true},"value":0}],"monotonic":true,"aggregationTemporality":"DELTA"}},{"name":"workspaceModel.mutableEntityStorage.resolve.ms","description":"","unit":"","type":"LONG_SUM","data":{"points":[{"startEpochNanos":1744439370062000000,"epochNanos":1744439429810000000,"attributes":{"empty":true},"value":0}],"monotonic":true,"aggregationTemporality":"DELTA"}},{"name":"jps.artifact.entities.serializer.load.entities.ms","description":"","unit":"","type":"LONG_SUM","data":{"points":[{"startEpochNanos":1744439370062000000,"epochNanos":1744439429810000000,"attributes":{"empty":true},"value":0}],"monotonic":true,"aggregationTemporality":"DELTA"}},{"name":"workspaceModel.global.apply.state.to.project.ms","description":"","unit":"","type":"LONG_SUM","data":{"points":[{"startEpochNanos":1744439370062000000,"epochNanos":1744439429810000000,"attributes":{"empty":true},"value":0}],"monotonic":true,"aggregationTemporality":"DELTA"}},{"name":"jps.facet.change.listener.before.change.events.ms","description":"","unit":"","type":"LONG_SUM","data":{"points":[{"startEpochNanos":1744439370062000000,"epochNanos":1744439429810000000,"attributes":{"empty":true},"value":0}],"monotonic":true,"aggregationTemporality":"DELTA"}},{"name":"jps.app.storage.content.reader.load.component.ms","description":"","unit":"","type":"LONG_SUM","data":{"points":[{"startEpochNanos":1744439370062000000,"epochNanos":1744439429810000000,"attributes":{"empty":true},"value":0}],"monotonic":true,"aggregationTemporality":"DELTA"}},{"name":"workspaceModel.mutableEntityStorage.changeLog.addReplaceEventForRemovedChild.ms","description":"","unit":"","type":"LONG_SUM","data":{"points":[{"startEpochNanos":1744439370062000000,"epochNanos":1744439429810000000,"attributes":{"empty":true},"value":0}],"monotonic":true,"aggregationTemporality":"DELTA"}},{"name":"workspaceModel.mutableEntityStorage.to.snapshot.ms","description":"","unit":"","type":"LONG_SUM","data":{"points":[{"startEpochNanos":1744439370062000000,"epochNanos":1744439429810000000,"attributes":{"empty":true},"value":0}],"monotonic":true,"aggregationTemporality":"DELTA"}},{"name":"jps.module.iml.entities.serializer.save.entities.ms","description":"","unit":"","type":"LONG_SUM","data":{"points":[{"startEpochNanos":1744439370062000000,"epochNanos":1744439429810000000,"attributes":{"empty":true},"value":0}],"monotonic":true,"aggregationTemporality":"DELTA"}},{"name":"workspaceModel.mutableEntityStorage.mutable.ext.mapping.ms","description":"","unit":"","type":"LONG_SUM","data":{"points":[{"startEpochNanos":1744439370062000000,"epochNanos":1744439429810000000,"attributes":{"empty":true},"value":0}],"monotonic":true,"aggregationTemporality":"DELTA"}},{"name":"workspaceModel.mutableEntityStorage.referrers.ms","description":"","unit":"","type":"LONG_SUM","data":{"points":[{"startEpochNanos":1744439370062000000,"epochNanos":1744439429810000000,"attributes":{"empty":true},"value":0}],"monotonic":true,"aggregationTemporality":"DELTA"}},{"name":"jps.project.serializers.save.ms","description":"","unit":"","type":"LONG_SUM","data":{"points":[{"startEpochNanos":1744439370062000000,"epochNanos":1744439429810000000,"attributes":{"empty":true},"value":0}],"monotonic":true,"aggregationTemporality":"DELTA"}},{"name":"jps.global.get.library.by.name.ms","description":"","unit":"","type":"LONG_SUM","data":{"points":[{"startEpochNanos":1744439370062000000,"epochNanos":1744439429810000000,"attributes":{"empty":true},"value":0}],"monotonic":true,"aggregationTemporality":"DELTA"}},{"name":"workspaceModel.orphan.listener.update.ms","description":"","unit":"","type":"LONG_SUM","data":{"points":[{"startEpochNanos":1744439370062000000,"epochNanos":1744439429810000000,"attributes":{"empty":true},"value":0}],"monotonic":true,"aggregationTemporality":"DELTA"}},{"name":"jps.storage.jps.conf.reader.load.component.ms","description":"","unit":"","type":"LONG_SUM","data":{"points":[{"startEpochNanos":1744439370062000000,"epochNanos":1744439429810000000,"attributes":{"empty":true},"value":0}],"monotonic":true,"aggregationTemporality":"DELTA"}},{"name":"jps.apply.loaded.storage.ms","description":"","unit":"","type":"LONG_SUM","data":{"points":[{"startEpochNanos":1744439370062000000,"epochNanos":1744439429810000000,"attributes":{"empty":true},"value":0}],"monotonic":true,"aggregationTemporality":"DELTA"}},{"name":"workspaceModel.moduleManagerBridge.newModule.ms","description":"","unit":"","type":"LONG_SUM","data":{"points":[{"startEpochNanos":1744439370062000000,"epochNanos":1744439429810000000,"attributes":{"empty":true},"value":0}],"monotonic":true,"aggregationTemporality":"DELTA"}},{"name":"jps.app.storage.content.writer.save.component.ms","description":"","unit":"","type":"LONG_SUM","data":{"points":[{"startEpochNanos":1744439370062000000,"epochNanos":1744439429810000000,"attributes":{"empty":true},"value":0}],"monotonic":true,"aggregationTemporality":"DELTA"}},{"name":"jps.global.initialize.library.bridges.ms","description":"","unit":"","type":"LONG_SUM","data":{"points":[{"startEpochNanos":1744439370062000000,"epochNanos":1744439429810000000,"attributes":{"empty":true},"value":0}],"monotonic":true,"aggregationTemporality":"DELTA"}},{"name":"jps.facet.change.listener.init.bridge.ms","description":"","unit":"","type":"LONG_SUM","data":{"points":[{"startEpochNanos":1744439370062000000,"epochNanos":1744439429810000000,"attributes":{"empty":true},"value":0}],"monotonic":true,"aggregationTemporality":"DELTA"}},{"name":"jps.library.entities.serializer.save.entities.ms","description":"","unit":"","type":"LONG_SUM","data":{"points":[{"startEpochNanos":1744439370062000000,"epochNanos":1744439429810000000,"attributes":{"empty":true},"value":0}],"monotonic":true,"aggregationTemporality":"DELTA"}},{"name":"workspaceModel.mutableEntityStorage.remove.entity.ms","description":"","unit":"","type":"LONG_SUM","data":{"points":[{"startEpochNanos":1744439370062000000,"epochNanos":1744439429810000000,"attributes":{"empty":true},"value":0}],"monotonic":true,"aggregationTemporality":"DELTA"}},{"name":"workspaceModel.save.cache.to.file.ms","description":"","unit":"","type":"LONG_SUM","data":{"points":[{"startEpochNanos":1744439370062000000,"epochNanos":1744439429810000000,"attributes":{"empty":true},"value":0}],"monotonic":true,"aggregationTemporality":"DELTA"}},{"name":"jps.global.handle.before.change.events.ms","description":"","unit":"","type":"LONG_SUM","data":{"points":[{"startEpochNanos":1744439370062000000,"epochNanos":1744439429810000000,"attributes":{"empty":true},"value":0}],"monotonic":true,"aggregationTemporality":"DELTA"}},{"name":"workspaceModel.moduleManagerBridge.build.module.graph.ms","description":"","unit":"","type":"LONG_SUM","data":{"points":[{"startEpochNanos":1744439370062000000,"epochNanos":1744439429810000000,"attributes":{"empty":true},"value":0}],"monotonic":true,"aggregationTemporality":"DELTA"}},{"name":"workspaceModel.moduleManagerBridge.set.unloadedModules.ms","description":"","unit":"","type":"LONG_SUM","data":{"points":[{"startEpochNanos":1744439370062000000,"epochNanos":1744439429810000000,"attributes":{"empty":true},"value":0}],"monotonic":true,"aggregationTemporality":"DELTA"}},{"name":"workspaceModel.global.updates.ms","description":"","unit":"","type":"LONG_SUM","data":{"points":[{"startEpochNanos":1744439370062000000,"epochNanos":1744439429810000000,"attributes":{"empty":true},"value":0}],"monotonic":true,"aggregationTemporality":"DELTA"}},{"name":"workspaceModel.moduleManagerBridge.create.module.instance.ms","description":"","unit":"","type":"LONG_SUM","data":{"points":[{"startEpochNanos":1744439370062000000,"epochNanos":1744439429810000000,"attributes":{"empty":true},"value":0}],"monotonic":true,"aggregationTemporality":"DELTA"}},{"name":"jps.reload.project.entities.ms","description":"","unit":"","type":"LONG_SUM","data":{"points":[{"startEpochNanos":1744439370062000000,"epochNanos":1744439429810000000,"attributes":{"empty":true},"value":0}],"monotonic":true,"aggregationTemporality":"DELTA"}},{"name":"workspaceModel.delayed.project.synchronizer.sync.ms","description":"","unit":"","type":"LONG_SUM","data":{"points":[{"startEpochNanos":1744439370062000000,"epochNanos":1744439429810000000,"attributes":{"empty":true},"value":0}],"monotonic":true,"aggregationTemporality":"DELTA"}},{"name":"jps.global.initialize.library.bridges.after.loading.ms","description":"","unit":"","type":"LONG_SUM","data":{"points":[{"startEpochNanos":1744439370062000000,"epochNanos":1744439429810000000,"attributes":{"empty":true},"value":0}],"monotonic":true,"aggregationTemporality":"DELTA"}},{"name":"workspaceModel.sync.entities.ms","description":"","unit":"","type":"LONG_SUM","data":{"points":[{"startEpochNanos":1744439370062000000,"epochNanos":1744439429810000000,"attributes":{"empty":true},"value":0}],"monotonic":true,"aggregationTemporality":"DELTA"}},{"name":"workspaceModel.moduleManagerBridge.load.module.ms","description":"","unit":"","type":"LONG_SUM","data":{"points":[{"startEpochNanos":1744439370062000000,"epochNanos":1744439429810000000,"attributes":{"empty":true},"value":0}],"monotonic":true,"aggregationTemporality":"DELTA"}},{"name":"workspaceModel.mutableEntityStorage.changeLog.addReplaceEventForNewChild.ms","description":"","unit":"","type":"LONG_SUM","data":{"points":[{"startEpochNanos":1744439370062000000,"epochNanos":1744439429810000000,"attributes":{"empty":true},"value":0}],"monotonic":true,"aggregationTemporality":"DELTA"}},{"name":"workspaceModel.mutableEntityStorage.changeLog.addReplaceEventForNewParent.ms","description":"","unit":"","type":"LONG_SUM","data":{"points":[{"startEpochNanos":1744439370062000000,"epochNanos":1744439429810000000,"attributes":{"empty":true},"value":0}],"monotonic":true,"aggregationTemporality":"DELTA"}},{"name":"workspaceModel.moduleBridgeLoader.loading.modules.ms","description":"","unit":"","type":"LONG_SUM","data":{"points":[{"startEpochNanos":1744439370062000000,"epochNanos":1744439429810000000,"attributes":{"empty":true},"value":0}],"monotonic":true,"aggregationTemporality":"DELTA"}},{"name":"jps.module.iml.entities.serializer.load.entities.ms","description":"","unit":"","type":"LONG_SUM","data":{"points":[{"startEpochNanos":1744439370062000000,"epochNanos":1744439429810000000,"attributes":{"empty":true},"value":0}],"monotonic":true,"aggregationTemporality":"DELTA"}},{"name":"workspaceModel.mutableEntityStorage.entities.by.source.ms","description":"","unit":"","type":"LONG_SUM","data":{"points":[{"startEpochNanos":1744439370062000000,"epochNanos":1744439429810000000,"attributes":{"empty":true},"value":0}],"monotonic":true,"aggregationTemporality":"DELTA"}},{"name":"workspaceModel.mutableEntityStorage.has.same.entities.ms","description":"","unit":"","type":"LONG_SUM","data":{"points":[{"startEpochNanos":1744439370062000000,"epochNanos":1744439429810000000,"attributes":{"empty":true},"value":0}],"monotonic":true,"aggregationTemporality":"DELTA"}},{"name":"jps.global.handle.changed.events.ms","description":"","unit":"","type":"LONG_SUM","data":{"points":[{"startEpochNanos":1744439370062000000,"epochNanos":1744439429810000000,"attributes":{"empty":true},"value":0}],"monotonic":true,"aggregationTemporality":"DELTA"}},{"name":"workspaceModel.mutableEntityStorage.collect.changes.ms","description":"","unit":"","type":"LONG_SUM","data":{"points":[{"startEpochNanos":1744439370062000000,"epochNanos":1744439429810000000,"attributes":{"empty":true},"value":0}],"monotonic":true,"aggregationTemporality":"DELTA"}},{"name":"workspaceModel.load.cache.metadata.from.file.ms","description":"","unit":"","type":"LONG_SUM","data":{"points":[{"startEpochNanos":1744439370062000000,"epochNanos":1744439429810000000,"attributes":{"empty":true},"value":0}],"monotonic":true,"aggregationTemporality":"DELTA"}},{"name":"jps.library.entities.serializer.load.entities.ms","description":"","unit":"","type":"LONG_SUM","data":{"points":[{"startEpochNanos":1744439370062000000,"epochNanos":1744439429810000000,"attributes":{"empty":true},"value":0}],"monotonic":true,"aggregationTemporality":"DELTA"}},{"name":"workspaceModel.load.cache.from.file.ms","description":"","unit":"","type":"LONG_SUM","data":{"points":[{"startEpochNanos":1744439370062000000,"epochNanos":1744439429810000000,"attributes":{"empty":true},"value":0}],"monotonic":true,"aggregationTemporality":"DELTA"}},{"name":"workspaceModel.global.updates.count","description":"","unit":"","type":"LONG_SUM","data":{"points":[{"startEpochNanos":1744439370062000000,"epochNanos":1744439429810000000,"attributes":{"empty":true},"value":0}],"monotonic":true,"aggregationTemporality":"DELTA"}},{"name":"workspaceModel.mutableEntityStorage.add.entity.ms","description":"","unit":"","type":"LONG_SUM","data":{"points":[{"startEpochNanos":1744439370062000000,"epochNanos":1744439429810000000,"attributes":{"empty":true},"value":0}],"monotonic":true,"aggregationTemporality":"DELTA"}},{"name":"workspaceModel.moduleManagerBridge.new.nonPersistent.module.ms","description":"","unit":"","type":"LONG_SUM","data":{"points":[{"startEpochNanos":1744439370062000000,"epochNanos":1744439429810000000,"attributes":{"empty":true},"value":0}],"monotonic":true,"aggregationTemporality":"DELTA"}},{"name":"workspaceModel.mutableEntityStorage.put.entity.ms","description":"","unit":"","type":"LONG_SUM","data":{"points":[{"startEpochNanos":1744439370062000000,"epochNanos":1744439429810000000,"attributes":{"empty":true},"value":0}],"monotonic":true,"aggregationTemporality":"DELTA"}},{"name":"workspaceModel.mutableEntityStorage.instances.count","description":"","unit":"","type":"LONG_SUM","data":{"points":[{"startEpochNanos":1744439370062000000,"epochNanos":1744439429810000000,"attributes":{"empty":true},"value":0}],"monotonic":true,"aggregationTemporality":"DELTA"}},{"name":"jps.module.dependency.index.workspace.model.listener.on.changed.ms","description":"","unit":"","type":"LONG_SUM","data":{"points":[{"startEpochNanos":1744439370062000000,"epochNanos":1744439429810000000,"attributes":{"empty":true},"value":0}],"monotonic":true,"aggregationTemporality":"DELTA"}},{"name":"workspaceModel.mutableEntityStorage.mutable.vfurl.index.ms","description":"","unit":"","type":"LONG_SUM","data":{"points":[{"startEpochNanos":1744439370062000000,"epochNanos":1744439429810000000,"attributes":{"empty":true},"value":0}],"monotonic":true,"aggregationTemporality":"DELTA"}},{"name":"workspaceModel.moduleBridge.before.changed.ms","description":"","unit":"","type":"LONG_SUM","data":{"points":[{"startEpochNanos":1744439370062000000,"epochNanos":1744439429810000000,"attributes":{"empty":true},"value":0}],"monotonic":true,"aggregationTemporality":"DELTA"}},{"name":"workspaceModel.mutableEntityStorage.modify.entity.ms","description":"","unit":"","type":"LONG_SUM","data":{"points":[{"startEpochNanos":1744439370062000000,"epochNanos":1744439429810000000,"attributes":{"empty":true},"value":0}],"monotonic":true,"aggregationTemporality":"DELTA"}},{"name":"jps.load.initial.state.ms","description":"","unit":"","type":"LONG_SUM","data":{"points":[{"startEpochNanos":1744439370062000000,"epochNanos":1744439429810000000,"attributes":{"empty":true},"value":0}],"monotonic":true,"aggregationTemporality":"DELTA"}},{"name":"workspaceModel.mutableEntityStorage.replace.by.source.ms","description":"","unit":"","type":"LONG_SUM","data":{"points":[{"startEpochNanos":1744439370062000000,"epochNanos":1744439429810000000,"attributes":{"empty":true},"value":0}],"monotonic":true,"aggregationTemporality":"DELTA"}},{"name":"workspaceModel.moduleManagerBridge.load.all.modules.ms","description":"","unit":"","type":"LONG_SUM","data":{"points":[{"startEpochNanos":1744439370062000000,"epochNanos":1744439429810000000,"attributes":{"empty":true},"value":0}],"monotonic":true,"aggregationTemporality":"DELTA"}},{"name":"workspaceModel.moduleBridge.update.option.ms","description":"","unit":"","type":"LONG_SUM","data":{"points":[{"startEpochNanos":1744439370062000000,"epochNanos":1744439429810000000,"attributes":{"empty":true},"value":0}],"monotonic":true,"aggregationTemporality":"DELTA"}},{"name":"jps.global.get.libraries.ms","description":"","unit":"","type":"LONG_SUM","data":{"points":[{"startEpochNanos":1744439370062000000,"epochNanos":1744439429810000000,"attributes":{"empty":true},"value":0}],"monotonic":true,"aggregationTemporality":"DELTA"}},{"name":"workspaceModel.global.apply.state.to.project.builder.ms","description":"","unit":"","type":"LONG_SUM","data":{"points":[{"startEpochNanos":1744439370062000000,"epochNanos":1744439429810000000,"attributes":{"empty":true},"value":0}],"monotonic":true,"aggregationTemporality":"DELTA"}},{"name":"jps.project.serializers.load.ms","description":"","unit":"","type":"LONG_SUM","data":{"points":[{"startEpochNanos":1744439370062000000,"epochNanos":1744439429810000000,"attributes":{"empty":true},"value":0}],"monotonic":true,"aggregationTemporality":"DELTA"}},{"name":"workspaceModel.moduleBridge.facet.initialization.ms","description":"","unit":"","type":"LONG_SUM","data":{"points":[{"startEpochNanos":1744439370062000000,"epochNanos":1744439429810000000,"attributes":{"empty":true},"value":0}],"monotonic":true,"aggregationTemporality":"DELTA"}},{"name":"workspaceModel.mutableEntityStorage.entities.ms","description":"","unit":"","type":"LONG_SUM","data":{"points":[{"startEpochNanos":1744439370062000000,"epochNanos":1744439429810000000,"attributes":{"empty":true},"value":0}],"monotonic":true,"aggregationTemporality":"DELTA"}},{"name":"jps.artifact.entities.serializer.save.entities.ms","description":"","unit":"","type":"LONG_SUM","data":{"points":[{"startEpochNanos":1744439370062000000,"epochNanos":1744439429810000000,"attributes":{"empty":true},"value":0}],"monotonic":true,"aggregationTemporality":"DELTA"}},{"name":"workspaceModel.mutableEntityStorage.apply.changes.from.ms","description":"","unit":"","type":"LONG_SUM","data":{"points":[{"startEpochNanos":1744439370062000000,"epochNanos":1744439429810000000,"attributes":{"empty":true},"value":0}],"monotonic":true,"aggregationTemporality":"DELTA"}},{"name":"jps.save.changed.project.entities.ms","description":"","unit":"","type":"LONG_SUM","data":{"points":[{"startEpochNanos":1744439370062000000,"epochNanos":1744439429810000000,"attributes":{"empty":true},"value":0}],"monotonic":true,"aggregationTemporality":"DELTA"}},{"name":"cacheStateStorage.set.counter","description":"","unit":"","type":"LONG_SUM","data":{"points":[{"startEpochNanos":1744439370062000000,"epochNanos":1744439429810000000,"attributes":{"empty":true},"value":0}],"monotonic":true,"aggregationTemporality":"DELTA"}},{"name":"cacheStateStorage.get.counter","description":"","unit":"","type":"LONG_SUM","data":{"points":[{"startEpochNanos":1744439370062000000,"epochNanos":1744439429810000000,"attributes":{"empty":true},"value":0}],"monotonic":true,"aggregationTemporality":"DELTA"}},{"name":"cacheStateStorage.set.duration","description":"","unit":"","type":"LONG_SUM","data":{"points":[{"startEpochNanos":1744439370062000000,"epochNanos":1744439429810000000,"attributes":{"empty":true},"value":0}],"monotonic":true,"aggregationTemporality":"DELTA"}},{"name":"cacheStateStorage.get.duration","description":"","unit":"","type":"LONG_SUM","data":{"points":[{"startEpochNanos":1744439370062000000,"epochNanos":1744439429810000000,"attributes":{"empty":true},"value":0}],"monotonic":true,"aggregationTemporality":"DELTA"}},{"name":"FilePageCacheLockFree.housekeeperTurnsSkipped","description":"","unit":"","type":"LONG_SUM","data":{"points":[{"startEpochNanos":1744439370062000000,"epochNanos":1744439429810000000,"attributes":{"empty":true},"value":0}],"monotonic":true,"aggregationTemporality":"DELTA"}},{"name":"FilePageCacheLockFree.totalHeapBytesReclaimed","description":"","unit":"","type":"LONG_SUM","data":{"points":[{"startEpochNanos":1744439370062000000,"epochNanos":1744439429810000000,"attributes":{"empty":true},"value":0}],"monotonic":true,"aggregationTemporality":"DELTA"}},{"name":"FilePageCache.pageLoads","description":"","unit":"","type":"LONG_SUM","data":{"points":[{"startEpochNanos":1744439370062000000,"epochNanos":1744439429810000000,"attributes":{"empty":true},"value":236}],"monotonic":true,"aggregationTemporality":"DELTA"}},{"name":"FilePageCacheLockFree.housekeeperTimeSpentMs","description":"","unit":"","type":"LONG_SUM","data":{"points":[{"startEpochNanos":1744439370062000000,"epochNanos":1744439429810000000,"attributes":{"empty":true},"value":0}],"monotonic":true,"aggregationTemporality":"DELTA"}},{"name":"DirectByteBufferAllocator.misses","description":"","unit":"","type":"LONG_SUM","data":{"points":[{"startEpochNanos":1744439370062000000,"epochNanos":1744439429810000000,"attributes":{"empty":true},"value":0}],"monotonic":true,"aggregationTemporality":"DELTA"}},{"name":"FilePageCacheLockFree.totalHeapBytesAllocated","description":"","unit":"","type":"LONG_SUM","data":{"points":[{"startEpochNanos":1744439370062000000,"epochNanos":1744439429810000000,"attributes":{"empty":true},"value":0}],"monotonic":true,"aggregationTemporality":"DELTA"}},{"name":"StorageLockContext.competingThreads.max","description":"","unit":"","type":"LONG_GAUGE","data":{"points":[{"startEpochNanos":1744439370062000000,"epochNanos":1744439429810000000,"attributes":{"empty":true},"value":0}]}},{"name":"FilePageCacheLockFree.totalPagesHandedOver","description":"","unit":"","type":"LONG_SUM","data":{"points":[{"startEpochNanos":1744439370062000000,"epochNanos":1744439429810000000,"attributes":{"empty":true},"value":0}],"monotonic":true,"aggregationTemporality":"DELTA"}},{"name":"FilePageCacheLockFree.totalPagesWriteMs","description":"","unit":"","type":"LONG_SUM","data":{"points":[{"startEpochNanos":1744439370062000000,"epochNanos":1744439429810000000,"attributes":{"empty":true},"value":0}],"monotonic":true,"aggregationTemporality":"DELTA"}},{"name":"MappedFileStorage.totalTimeSpentOnMappingUs","description":"Total time (us) spent inside Page.map() method (file expansion/zeroing, + mmap)","unit":"us","type":"LONG_GAUGE","data":{"points":[{"startEpochNanos":1744439370062000000,"epochNanos":1744439429810000000,"attributes":{"empty":true},"value":270075}]}},{"name":"FilePageCacheLockFree.housekeeperTurnsDone","description":"","unit":"","type":"LONG_SUM","data":{"points":[{"startEpochNanos":1744439370062000000,"epochNanos":1744439429810000000,"attributes":{"empty":true},"value":0}],"monotonic":true,"aggregationTemporality":"DELTA"}},{"name":"FilePageCache.disposedBuffers","description":"","unit":"","type":"LONG_SUM","data":{"points":[{"startEpochNanos":1744439370062000000,"epochNanos":1744439429810000000,"attributes":{"empty":true},"value":760}],"monotonic":true,"aggregationTemporality":"DELTA"}},{"name":"DirectByteBufferAllocator.reclaimed","description":"","unit":"","type":"LONG_SUM","data":{"points":[{"startEpochNanos":1744439370062000000,"epochNanos":1744439429810000000,"attributes":{"empty":true},"value":320}],"monotonic":true,"aggregationTemporality":"DELTA"}},{"name":"FilePageCache.pageFastCacheHits","description":"","unit":"","type":"LONG_SUM","data":{"points":[{"startEpochNanos":1744439370062000000,"epochNanos":1744439429810000000,"attributes":{"empty":true},"value":3951120}],"monotonic":true,"aggregationTemporality":"DELTA"}},{"name":"FilePageCache.pageHits","description":"","unit":"","type":"LONG_SUM","data":{"points":[{"startEpochNanos":1744439370062000000,"epochNanos":1744439429810000000,"attributes":{"empty":true},"value":157076}],"monotonic":true,"aggregationTemporality":"DELTA"}},{"name":"StorageLockContext.competingThreads.avg","description":"","unit":"","type":"DOUBLE_GAUGE","data":{"points":[{"startEpochNanos":1744439370062000000,"epochNanos":1744439429810000000,"attributes":{"empty":true},"value":0.0}]}},{"name":"DirectByteBufferAllocator.hits","description":"","unit":"","type":"LONG_SUM","data":{"points":[{"startEpochNanos":1744439370062000000,"epochNanos":1744439429810000000,"attributes":{"empty":true},"value":281}],"monotonic":true,"aggregationTemporality":"DELTA"}},{"name":"MappedFileStorage.totalBytesMapped","description":"Total size of MappedByteBuffers in use by MappedFileStorage at the moment","unit":"bytes","type":"LONG_GAUGE","data":{"points":[{"startEpochNanos":1744439370062000000,"epochNanos":1744439429810000000,"attributes":{"empty":true},"value":0}]}},{"name":"FilePageCacheLockFree.totalPagesReclaimed","description":"","unit":"","type":"LONG_SUM","data":{"points":[{"startEpochNanos":1744439370062000000,"epochNanos":1744439429810000000,"attributes":{"empty":true},"value":0}],"monotonic":true,"aggregationTemporality":"DELTA"}},{"name":"FilePageCacheLockFree.totalPagesReadMs","description":"","unit":"","type":"LONG_SUM","data":{"points":[{"startEpochNanos":1744439370062000000,"epochNanos":1744439429810000000,"attributes":{"empty":true},"value":0}],"monotonic":true,"aggregationTemporality":"DELTA"}},{"name":"FilePageCache.capacityInBytes","description":"Cache capacity, configured on application startup","unit":"bytes","type":"LONG_GAUGE","data":{"points":[{"startEpochNanos":1744439370062000000,"epochNanos":1744439429810000000,"attributes":{"empty":true},"value":503316478}]}},{"name":"FilePageCacheLockFree.totalBytesRequested","description":"","unit":"","type":"LONG_SUM","data":{"points":[{"startEpochNanos":1744439370062000000,"epochNanos":1744439429810000000,"attributes":{"empty":true},"value":0}],"monotonic":true,"aggregationTemporality":"DELTA"}},{"name":"FilePageCacheLockFree.totalPagesRequestsMs","description":"","unit":"","type":"LONG_SUM","data":{"points":[{"startEpochNanos":1744439370062000000,"epochNanos":1744439429810000000,"attributes":{"empty":true},"value":0}],"monotonic":true,"aggregationTemporality":"DELTA"}},{"name":"FilePageCacheLockFree.totalPagesWritten","description":"","unit":"","type":"LONG_SUM","data":{"points":[{"startEpochNanos":1744439370062000000,"epochNanos":1744439429810000000,"attributes":{"empty":true},"value":0}],"monotonic":true,"aggregationTemporality":"DELTA"}},{"name":"FilePageCacheLockFree.heapBytesInUse","description":"","unit":"","type":"LONG_GAUGE","data":{"points":[{"startEpochNanos":1744439370062000000,"epochNanos":1744439429810000000,"attributes":{"empty":true},"value":0}]}},{"name":"FileChannelInterruptsRetryer.totalRetriedAttempts","description":"","unit":"","type":"LONG_SUM","data":{"points":[{"startEpochNanos":1744439370062000000,"epochNanos":1744439429810000000,"attributes":{"empty":true},"value":0}],"monotonic":true,"aggregationTemporality":"DELTA"}},{"name":"DirectByteBufferAllocator.disposed","description":"","unit":"","type":"LONG_SUM","data":{"points":[{"startEpochNanos":1744439370062000000,"epochNanos":1744439429810000000,"attributes":{"empty":true},"value":440}],"monotonic":true,"aggregationTemporality":"DELTA"}},{"name":"DirectByteBufferAllocator.totalSizeOfBuffersCachedInBytes","description":"","unit":"bytes","type":"LONG_GAUGE","data":{"points":[{"startEpochNanos":1744439370062000000,"epochNanos":1744439429810000000,"attributes":{"empty":true},"value":41943040}]}},{"name":"FilePageCache.pageLoadsAboveSizeThreshold","description":"","unit":"","type":"LONG_SUM","data":{"points":[{"startEpochNanos":1744439370062000000,"epochNanos":1744439429810000000,"attributes":{"empty":true},"value":45}],"monotonic":true,"aggregationTemporality":"DELTA"}},{"name":"MappedFileStorage.totalPagesMapped","description":"MappedFileStorage.Page instances in operation at the moment","unit":"","type":"LONG_GAUGE","data":{"points":[{"startEpochNanos":1744439370062000000,"epochNanos":1744439429810000000,"attributes":{"empty":true},"value":0}]}},{"name":"FilePageCacheLockFree.totalPageAllocationsWaited","description":"","unit":"","type":"LONG_SUM","data":{"points":[{"startEpochNanos":1744439370062000000,"epochNanos":1744439429810000000,"attributes":{"empty":true},"value":0}],"monotonic":true,"aggregationTemporality":"DELTA"}},{"name":"FilePageCacheLockFree.totalNativeBytesReclaimed","description":"","unit":"","type":"LONG_SUM","data":{"points":[{"startEpochNanos":1744439370062000000,"epochNanos":1744439429810000000,"attributes":{"empty":true},"value":0}],"monotonic":true,"aggregationTemporality":"DELTA"}},{"name":"FilePageCacheLockFree.totalBytesRead","description":"","unit":"","type":"LONG_SUM","data":{"points":[{"startEpochNanos":1744439370062000000,"epochNanos":1744439429810000000,"attributes":{"empty":true},"value":0}],"monotonic":true,"aggregationTemporality":"DELTA"}},{"name":"StorageLockContext.competingThreads.90P","description":"","unit":"","type":"LONG_GAUGE","data":{"points":[{"startEpochNanos":1744439370062000000,"epochNanos":1744439429810000000,"attributes":{"empty":true},"value":0}]}},{"name":"FilePageCacheLockFree.totalBytesWritten","description":"","unit":"","type":"LONG_SUM","data":{"points":[{"startEpochNanos":1744439370062000000,"epochNanos":1744439429810000000,"attributes":{"empty":true},"value":0}],"monotonic":true,"aggregationTemporality":"DELTA"}},{"name":"FilePageCache.uncachedFileAccess","description":"","unit":"","type":"LONG_SUM","data":{"points":[{"startEpochNanos":1744439370062000000,"epochNanos":1744439429810000000,"attributes":{"empty":true},"value":2182}],"monotonic":true,"aggregationTemporality":"DELTA"}},{"name":"DirectByteBufferAllocator.totalSizeOfBuffersAllocatedInBytes","description":"","unit":"bytes","type":"LONG_GAUGE","data":{"points":[{"startEpochNanos":1744439370062000000,"epochNanos":1744439429810000000,"attributes":{"empty":true},"value":41943040}]}},{"name":"FilePageCacheLockFree.nativeBytesInUse","description":"","unit":"","type":"LONG_GAUGE","data":{"points":[{"startEpochNanos":1744439370062000000,"epochNanos":1744439429810000000,"attributes":{"empty":true},"value":0}]}},{"name":"FilePageCache.totalPageDisposalsUs","description":"","unit":"us","type":"LONG_SUM","data":{"points":[{"startEpochNanos":1744439370062000000,"epochNanos":1744439429810000000,"attributes":{"empty":true},"value":146}],"monotonic":true,"aggregationTemporality":"DELTA"}},{"name":"FilePageCacheLockFree.totalClosedStoragesReclaimed","description":"","unit":"","type":"LONG_SUM","data":{"points":[{"startEpochNanos":1744439370062000000,"epochNanos":1744439429810000000,"attributes":{"empty":true},"value":0}],"monotonic":true,"aggregationTemporality":"DELTA"}},{"name":"FilePageCache.maxCacheSizeInBytes","description":"Max size of all cached pages observed since application start","unit":"bytes","type":"LONG_GAUGE","data":{"points":[{"startEpochNanos":1744439370062000000,"epochNanos":1744439429810000000,"attributes":{"empty":true},"value":502267904}]}},{"name":"FilePageCache.maxRegisteredFiles","description":"","unit":"","type":"LONG_GAUGE","data":{"points":[{"startEpochNanos":1744439370062000000,"epochNanos":1744439429810000000,"attributes":{"empty":true},"value":1416}]}},{"name":"FilePageCacheLockFree.totalNativeBytesAllocated","description":"","unit":"","type":"LONG_SUM","data":{"points":[{"startEpochNanos":1744439370062000000,"epochNanos":1744439429810000000,"attributes":{"empty":true},"value":0}],"monotonic":true,"aggregationTemporality":"DELTA"}},{"name":"FilePageCache.totalPageLoadsUs","description":"","unit":"us","type":"LONG_SUM","data":{"points":[{"startEpochNanos":1744439370062000000,"epochNanos":1744439429810000000,"attributes":{"empty":true},"value":67983}],"monotonic":true,"aggregationTemporality":"DELTA"}},{"name":"MappedFileStorage.storages","description":"MappedFileStorage instances in operation at the moment","unit":"","type":"LONG_GAUGE","data":{"points":[{"startEpochNanos":1744439370062000000,"epochNanos":1744439429810000000,"attributes":{"empty":true},"value":0}]}},{"name":"FilePageCacheLockFree.totalPagesRequested","description":"","unit":"","type":"LONG_SUM","data":{"points":[{"startEpochNanos":1744439370062000000,"epochNanos":1744439429810000000,"attributes":{"empty":true},"value":0}],"monotonic":true,"aggregationTemporality":"DELTA"}},{"name":"FilePageCacheLockFree.totalPagesAllocated","description":"","unit":"","type":"LONG_SUM","data":{"points":[{"startEpochNanos":1744439370062000000,"epochNanos":1744439429810000000,"attributes":{"empty":true},"value":0}],"monotonic":true,"aggregationTemporality":"DELTA"}},{"name":"JVM.usedNativeBytes","description":"","unit":"","type":"LONG_GAUGE","data":{"points":[{"startEpochNanos":1744439370062000000,"epochNanos":1744439429810000000,"attributes":{"empty":true},"value":303460280}]}},{"name":"JVM.threadCount","description":"","unit":"","type":"LONG_GAUGE","data":{"points":[{"startEpochNanos":1744439370062000000,"epochNanos":1744439429810000000,"attributes":{"empty":true},"value":71}]}},{"name":"JVM.totalTimeAtSafepointsMs","description":"","unit":"","type":"LONG_SUM","data":{"points":[{"startEpochNanos":1744439370062000000,"epochNanos":1744439429810000000,"attributes":{"empty":true},"value":55647}],"monotonic":true,"aggregationTemporality":"DELTA"}},{"name":"JVM.newThreadsCount","description":"","unit":"","type":"LONG_SUM","data":{"points":[{"startEpochNanos":1744439370062000000,"epochNanos":1744439429810000000,"attributes":{"empty":true},"value":3}],"monotonic":true,"aggregationTemporality":"DELTA"}},{"name":"JVM.totalBytesAllocated","description":"","unit":"","type":"LONG_SUM","data":{"points":[{"startEpochNanos":1744439370062000000,"epochNanos":1744439429810000000,"attributes":{"empty":true},"value":12965253216}],"monotonic":true,"aggregationTemporality":"DELTA"}},{"name":"OS.loadAverage","description":"","unit":"","type":"DOUBLE_GAUGE","data":{"points":[{"startEpochNanos":1744439370062000000,"epochNanos":1744439429810000000,"attributes":{"empty":true},"value":-1.0}]}},{"name":"JVM.maxHeapBytes","description":"","unit":"","type":"LONG_GAUGE","data":{"points":[{"startEpochNanos":1744439370062000000,"epochNanos":1744439429810000000,"attributes":{"empty":true},"value":2147483648}]}},{"name":"JVM.totalSafepointCount","description":"","unit":"","type":"LONG_SUM","data":{"points":[{"startEpochNanos":1744439370062000000,"epochNanos":1744439429810000000,"attributes":{"empty":true},"value":52}],"monotonic":true,"aggregationTemporality":"DELTA"}},{"name":"JVM.GC.collectionTimesMs","description":"","unit":"","type":"LONG_SUM","data":{"points":[{"startEpochNanos":1744439370062000000,"epochNanos":1744439429810000000,"attributes":{"empty":true},"value":552}],"monotonic":true,"aggregationTemporality":"DELTA"}},{"name":"JVM.GC.collections","description":"","unit":"","type":"LONG_SUM","data":{"points":[{"startEpochNanos":1744439370062000000,"epochNanos":1744439429810000000,"attributes":{"empty":true},"value":23}],"monotonic":true,"aggregationTemporality":"DELTA"}},{"name":"JVM.totalCpuTimeMs","description":"","unit":"","type":"LONG_SUM","data":{"points":[{"startEpochNanos":1744439370062000000,"epochNanos":1744439429810000000,"attributes":{"empty":true},"value":143657}],"monotonic":true,"aggregationTemporality":"DELTA"}},{"name":"JVM.totalDirectByteBuffersBytes","description":"","unit":"","type":"LONG_GAUGE","data":{"points":[{"startEpochNanos":1744439370062000000,"epochNanos":1744439429810000000,"attributes":{"empty":true},"value":53534053}]}},{"name":"JVM.totalTimeToSafepointsMs","description":"","unit":"","type":"LONG_SUM","data":{"points":[{"startEpochNanos":1744439370062000000,"epochNanos":1744439429810000000,"attributes":{"empty":true},"value":2010}],"monotonic":true,"aggregationTemporality":"DELTA"}},{"name":"JVM.usedHeapBytes","description":"","unit":"","type":"LONG_GAUGE","data":{"points":[{"startEpochNanos":1744439370062000000,"epochNanos":1744439429810000000,"attributes":{"empty":true},"value":719323136}]}},{"name":"JVM.maxThreadCount","description":"","unit":"","type":"LONG_GAUGE","data":{"points":[{"startEpochNanos":1744439370062000000,"epochNanos":1744439429810000000,"attributes":{"empty":true},"value":92}]}},{"name":"workspaceModel.workspaceFileIndexData.markDirty.ms","description":"","unit":"","type":"LONG_SUM","data":{"points":[{"startEpochNanos":1744439370062000000,"epochNanos":1744439429810000000,"attributes":{"empty":true},"value":0}],"monotonic":true,"aggregationTemporality":"DELTA"}},{"name":"workspaceModel.workspaceFileIndexData.onEntitiesChanged.ms","description":"","unit":"","type":"LONG_SUM","data":{"points":[{"startEpochNanos":1744439370062000000,"epochNanos":1744439429810000000,"attributes":{"empty":true},"value":0}],"monotonic":true,"aggregationTemporality":"DELTA"}},{"name":"workspaceModel.pre.handlers.ms","description":"","unit":"","type":"LONG_SUM","data":{"points":[{"startEpochNanos":1744439370062000000,"epochNanos":1744439429810000000,"attributes":{"empty":true},"value":0}],"monotonic":true,"aggregationTemporality":"DELTA"}},{"name":"workspaceModel.full.replace.project.model.ms","description":"","unit":"","type":"LONG_SUM","data":{"points":[{"startEpochNanos":1744439370062000000,"epochNanos":1744439429810000000,"attributes":{"empty":true},"value":0}],"monotonic":true,"aggregationTemporality":"DELTA"}},{"name":"workspaceModel.to.snapshot.ms","description":"","unit":"","type":"LONG_SUM","data":{"points":[{"startEpochNanos":1744439370062000000,"epochNanos":1744439429810000000,"attributes":{"empty":true},"value":0}],"monotonic":true,"aggregationTemporality":"DELTA"}},{"name":"workspaceModel.workspaceFileIndexData.init.ms","description":"","unit":"","type":"LONG_SUM","data":{"points":[{"startEpochNanos":1744439370062000000,"epochNanos":1744439429810000000,"attributes":{"empty":true},"value":0}],"monotonic":true,"aggregationTemporality":"DELTA"}},{"name":"workspaceModel.workspaceFileIndexData.getPackageName.ms","description":"","unit":"","type":"LONG_SUM","data":{"points":[{"startEpochNanos":1744439370062000000,"epochNanos":1744439429810000000,"attributes":{"empty":true},"value":0}],"monotonic":true,"aggregationTemporality":"DELTA"}},{"name":"workspaceModel.cachedValue.calculated.count","description":"","unit":"","type":"LONG_SUM","data":{"points":[{"startEpochNanos":1744439370062000000,"epochNanos":1744439429810000000,"attributes":{"empty":true},"value":0}],"monotonic":true,"aggregationTemporality":"DELTA"}},{"name":"workspaceModel.replace.project.model.ms","description":"","unit":"","type":"LONG_SUM","data":{"points":[{"startEpochNanos":1744439370062000000,"epochNanos":1744439429810000000,"attributes":{"empty":true},"value":0}],"monotonic":true,"aggregationTemporality":"DELTA"}},{"name":"workspaceModel.workspaceFileIndexData.getDirectoriesByPackageName.ms","description":"","unit":"","type":"LONG_SUM","data":{"points":[{"startEpochNanos":1744439370062000000,"epochNanos":1744439429810000000,"attributes":{"empty":true},"value":0}],"monotonic":true,"aggregationTemporality":"DELTA"}},{"name":"workspaceModel.collect.changes.ms","description":"","unit":"","type":"LONG_SUM","data":{"points":[{"startEpochNanos":1744439370062000000,"epochNanos":1744439429810000000,"attributes":{"empty":true},"value":0}],"monotonic":true,"aggregationTemporality":"DELTA"}},{"name":"workspaceModel.workspaceFileIndexData.processFileSets.ms","description":"","unit":"","type":"LONG_SUM","data":{"points":[{"startEpochNanos":1744439370062000000,"epochNanos":1744439429810000000,"attributes":{"empty":true},"value":0}],"monotonic":true,"aggregationTemporality":"DELTA"}},{"name":"workspaceModel.workspaceFileIndexContributor.registerFileSets.ms","description":"","unit":"","type":"LONG_SUM","data":{"points":[{"startEpochNanos":1744439370062000000,"epochNanos":1744439429810000000,"attributes":{"empty":true},"value":0}],"monotonic":true,"aggregationTemporality":"DELTA"}},{"name":"workspaceModel.cachedValueWithParameters.total.get.count","description":"","unit":"","type":"LONG_SUM","data":{"points":[{"startEpochNanos":1744439370062000000,"epochNanos":1744439429810000000,"attributes":{"empty":true},"value":0}],"monotonic":true,"aggregationTemporality":"DELTA"}},{"name":"workspaceModel.initializing.ms","description":"","unit":"","type":"LONG_SUM","data":{"points":[{"startEpochNanos":1744439370062000000,"epochNanos":1744439429810000000,"attributes":{"empty":true},"value":0}],"monotonic":true,"aggregationTemporality":"DELTA"}},{"name":"workspaceModel.cachedValue.total.get.count","description":"","unit":"","type":"LONG_SUM","data":{"points":[{"startEpochNanos":1744439370062000000,"epochNanos":1744439429810000000,"attributes":{"empty":true},"value":0}],"monotonic":true,"aggregationTemporality":"DELTA"}},{"name":"workspaceModel.cachedValue.from.cache.count","description":"","unit":"","type":"LONG_SUM","data":{"points":[{"startEpochNanos":1744439370062000000,"epochNanos":1744439429810000000,"attributes":{"empty":true},"value":0}],"monotonic":true,"aggregationTemporality":"DELTA"}},{"name":"workspaceModel.updates.count","description":"","unit":"","type":"LONG_SUM","data":{"points":[{"startEpochNanos":1744439370062000000,"epochNanos":1744439429810000000,"attributes":{"empty":true},"value":0}],"monotonic":true,"aggregationTemporality":"DELTA"}},{"name":"workspaceModel.cachedValueWithParameters.clear.count","description":"","unit":"","type":"LONG_SUM","data":{"points":[{"startEpochNanos":1744439370062000000,"epochNanos":1744439429810000000,"attributes":{"empty":true},"value":0}],"monotonic":true,"aggregationTemporality":"DELTA"}},{"name":"workspaceModel.workspaceFileIndexData.visitFileSets.ms","description":"","unit":"","type":"LONG_SUM","data":{"points":[{"startEpochNanos":1744439370062000000,"epochNanos":1744439429810000000,"attributes":{"empty":true},"value":0}],"monotonic":true,"aggregationTemporality":"DELTA"}},{"name":"workspaceModel.workspaceFileIndexData.instances.count","description":"","unit":"","type":"LONG_SUM","data":{"points":[{"startEpochNanos":1744439370062000000,"epochNanos":1744439429810000000,"attributes":{"empty":true},"value":0}],"monotonic":true,"aggregationTemporality":"DELTA"}},{"name":"workspaceModel.updates.ms","description":"","unit":"","type":"LONG_SUM","data":{"points":[{"startEpochNanos":1744439370062000000,"epochNanos":1744439429810000000,"attributes":{"empty":true},"value":0}],"monotonic":true,"aggregationTemporality":"DELTA"}},{"name":"workspaceModel.cachedValueWithParameters.from.cache.count","description":"","unit":"","type":"LONG_SUM","data":{"points":[{"startEpochNanos":1744439370062000000,"epochNanos":1744439429810000000,"attributes":{"empty":true},"value":0}],"monotonic":true,"aggregationTemporality":"DELTA"}},{"name":"workspaceModel.init.bridges.ms","description":"","unit":"","type":"LONG_SUM","data":{"points":[{"startEpochNanos":1744439370062000000,"epochNanos":1744439429810000000,"attributes":{"empty":true},"value":0}],"monotonic":true,"aggregationTemporality":"DELTA"}},{"name":"workspaceModel.entityStorageSnapshotImpl.instances.count","description":"","unit":"","type":"LONG_SUM","data":{"points":[{"startEpochNanos":1744439370062000000,"epochNanos":1744439429810000000,"attributes":{"empty":true},"value":0}],"monotonic":true,"aggregationTemporality":"DELTA"}},{"name":"workspaceModel.workspaceFileIndexData.getFileInfo.ms","description":"","unit":"","type":"LONG_SUM","data":{"points":[{"startEpochNanos":1744439370062000000,"epochNanos":1744439429810000000,"attributes":{"empty":true},"value":84}],"monotonic":true,"aggregationTemporality":"DELTA"}},{"name":"workspaceModel.cachedValueWithParameters.calculated.count","description":"","unit":"","type":"LONG_SUM","data":{"points":[{"startEpochNanos":1744439370062000000,"epochNanos":1744439429810000000,"attributes":{"empty":true},"value":0}],"monotonic":true,"aggregationTemporality":"DELTA"}},{"name":"workspaceModel.updates.precise.ms","description":"","unit":"","type":"LONG_SUM","data":{"points":[{"startEpochNanos":1744439370062000000,"epochNanos":1744439429810000000,"attributes":{"empty":true},"value":0}],"monotonic":true,"aggregationTemporality":"DELTA"}},{"name":"workspaceModel.loading.total.ms","description":"","unit":"","type":"LONG_SUM","data":{"points":[{"startEpochNanos":1744439370062000000,"epochNanos":1744439429810000000,"attributes":{"empty":true},"value":0}],"monotonic":true,"aggregationTemporality":"DELTA"}},{"name":"workspaceModel.on.before.changed.ms","description":"","unit":"","type":"LONG_SUM","data":{"points":[{"startEpochNanos":1744439370062000000,"epochNanos":1744439429810000000,"attributes":{"empty":true},"value":0}],"monotonic":true,"aggregationTemporality":"DELTA"}},{"name":"workspaceModel.on.changed.ms","description":"","unit":"","type":"LONG_SUM","data":{"points":[{"startEpochNanos":1744439370062000000,"epochNanos":1744439429810000000,"attributes":{"empty":true},"value":0}],"monotonic":true,"aggregationTemporality":"DELTA"}},{"name":"workspaceModel.loading.from.cache.ms","description":"","unit":"","type":"LONG_SUM","data":{"points":[{"startEpochNanos":1744439370062000000,"epochNanos":1744439429810000000,"attributes":{"empty":true},"value":0}],"monotonic":true,"aggregationTemporality":"DELTA"}},{"name":"workspaceModel.cachedValue.clear.count","description":"","unit":"","type":"LONG_SUM","data":{"points":[{"startEpochNanos":1744439370062000000,"epochNanos":1744439429810000000,"attributes":{"empty":true},"value":0}],"monotonic":true,"aggregationTemporality":"DELTA"}},{"name":"workspaceModel.workspaceFileIndexData.updateDirtyEntities.ms","description":"","unit":"","type":"LONG_SUM","data":{"points":[{"startEpochNanos":1744439370062000000,"epochNanos":1744439429810000000,"attributes":{"empty":true},"value":0}],"monotonic":true,"aggregationTemporality":"DELTA"}},{"name":"workspaceModel.update.unloaded.entities.ms","description":"","unit":"","type":"LONG_SUM","data":{"points":[{"startEpochNanos":1744439370062000000,"epochNanos":1744439429810000000,"attributes":{"empty":true},"value":0}],"monotonic":true,"aggregationTemporality":"DELTA"}},{"name":"workspaceModel.check.recursive.update.ms","description":"","unit":"","type":"LONG_SUM","data":{"points":[{"startEpochNanos":1744439370062000000,"epochNanos":1744439429810000000,"attributes":{"empty":true},"value":0}],"monotonic":true,"aggregationTemporality":"DELTA"}}]