[{"name":"FlushQueue.executionTime90PNs","description":"","unit":"ns","type":"LONG_GAUGE","data":{"points":[{"startEpochNanos":1744439249964000000,"epochNanos":1744439310030000000,"attributes":{"empty":true},"value":0}]}},{"name":"FlushQueue.tasksExecuted","description":"","unit":"","type":"LONG_GAUGE","data":{"points":[{"startEpochNanos":1744439249964000000,"epochNanos":1744439310030000000,"attributes":{"empty":true},"value":0}]}},{"name":"FlushQueue.waitingTime90PNs","description":"","unit":"ns","type":"LONG_GAUGE","data":{"points":[{"startEpochNanos":1744439249964000000,"epochNanos":1744439310030000000,"attributes":{"empty":true},"value":0}]}},{"name":"WriteAction.executionsCount","description":"Total write actions executed","unit":"","type":"LONG_SUM","data":{"points":[{"startEpochNanos":1744439249964000000,"epochNanos":1744439310030000000,"attributes":{"empty":true},"value":39}],"monotonic":true,"aggregationTemporality":"DELTA"}},{"name":"FlushQueue.queueSizeMax","description":"","unit":"","type":"LONG_GAUGE","data":{"points":[{"startEpochNanos":1744439249964000000,"epochNanos":1744439310030000000,"attributes":{"empty":true},"value":0}]}},{"name":"FlushQueue.waitingTimeAvgNs","description":"","unit":"ns","type":"DOUBLE_GAUGE","data":{"points":[{"startEpochNanos":1744439249964000000,"epochNanos":1744439310030000000,"attributes":{"empty":true},"value":0.0}]}},{"name":"AWTEventQueue.eventsDispatched","description":"","unit":"","type":"LONG_GAUGE","data":{"points":[{"startEpochNanos":1744439249964000000,"epochNanos":1744439310030000000,"attributes":{"empty":true},"value":0}]}},{"name":"FlushQueue.waitingTimeMaxNs","description":"","unit":"ns","type":"LONG_GAUGE","data":{"points":[{"startEpochNanos":1744439249964000000,"epochNanos":1744439310030000000,"attributes":{"empty":true},"value":0}]}},{"name":"FlushQueue.queueSize90P","description":"","unit":"","type":"LONG_GAUGE","data":{"points":[{"startEpochNanos":1744439249964000000,"epochNanos":1744439310030000000,"attributes":{"empty":true},"value":0}]}},{"name":"NonBlockingReadAction.finalizedExecutionTimeUs","description":"","unit":"","type":"LONG_SUM","data":{"points":[{"startEpochNanos":1744439249964000000,"epochNanos":1744439310030000000,"attributes":{"empty":true},"value":1528203}],"monotonic":true,"aggregationTemporality":"DELTA"}},{"name":"NonBlockingReadAction.finalizedExecutionsCount","description":"","unit":"","type":"LONG_SUM","data":{"points":[{"startEpochNanos":1744439249964000000,"epochNanos":1744439310030000000,"attributes":{"empty":true},"value":170}],"monotonic":true,"aggregationTemporality":"DELTA"}},{"name":"AWTEventQueue.dispatchTimeTotalNS","description":"","unit":"ns","type":"LONG_SUM","data":{"points":[{"startEpochNanos":1744439249964000000,"epochNanos":1744439310030000000,"attributes":{"empty":true},"value":23625353244}],"monotonic":true,"aggregationTemporality":"DELTA"}},{"name":"FlushQueue.executionTimeMaxNs","description":"","unit":"ns","type":"LONG_GAUGE","data":{"points":[{"startEpochNanos":1744439249964000000,"epochNanos":1744439310030000000,"attributes":{"empty":true},"value":0}]}},{"name":"FlushQueue.executionTimeAvgNs","description":"","unit":"ns","type":"DOUBLE_GAUGE","data":{"points":[{"startEpochNanos":1744439249964000000,"epochNanos":1744439310030000000,"attributes":{"empty":true},"value":0.0}]}},{"name":"AWTEventQueue.dispatchTime90PNs","description":"","unit":"ns","type":"LONG_GAUGE","data":{"points":[{"startEpochNanos":1744439249964000000,"epochNanos":1744439310030000000,"attributes":{"empty":true},"value":0}]}},{"name":"FlushQueue.queueSizeAvg","description":"","unit":"","type":"DOUBLE_GAUGE","data":{"points":[{"startEpochNanos":1744439249964000000,"epochNanos":1744439310030000000,"attributes":{"empty":true},"value":0.0}]}},{"name":"NonBlockingReadAction.failedExecutionsCount","description":"","unit":"","type":"LONG_SUM","data":{"points":[{"startEpochNanos":1744439249964000000,"epochNanos":1744439310030000000,"attributes":{"empty":true},"value":6}],"monotonic":true,"aggregationTemporality":"DELTA"}},{"name":"ReadAction.executionsCount","description":"Total read actions executed","unit":"","type":"LONG_SUM","data":{"points":[{"startEpochNanos":1744439249964000000,"epochNanos":1744439310030000000,"attributes":{"empty":true},"value":109341}],"monotonic":true,"aggregationTemporality":"DELTA"}},{"name":"AWTEventQueue.dispatchTimeMaxNs","description":"","unit":"ns","type":"LONG_GAUGE","data":{"points":[{"startEpochNanos":1744439249964000000,"epochNanos":1744439310030000000,"attributes":{"empty":true},"value":0}]}},{"name":"AWTEventQueue.dispatchTimeAvgNs","description":"","unit":"ns","type":"DOUBLE_GAUGE","data":{"points":[{"startEpochNanos":1744439249964000000,"epochNanos":1744439310030000000,"attributes":{"empty":true},"value":0.0}]}},{"name":"NonBlockingReadAction.failedExecutionTimeUs","description":"","unit":"","type":"LONG_SUM","data":{"points":[{"startEpochNanos":1744439249964000000,"epochNanos":1744439310030000000,"attributes":{"empty":true},"value":1075426}],"monotonic":true,"aggregationTemporality":"DELTA"}},{"name":"Indexes.entries.lookupDurationAvgMs","description":"","unit":"","type":"DOUBLE_GAUGE","data":{"points":[{"startEpochNanos":1744439249964000000,"epochNanos":1744439310030000000,"attributes":{"empty":true},"value":0.0}]}},{"name":"IndexesFlusher.totalFlushingTimeUs","description":"Total time spent by flushing in a period","unit":"microseconds","type":"LONG_SUM","data":{"points":[{"startEpochNanos":1744439249964000000,"epochNanos":1744439310030000000,"attributes":{"empty":true},"value":15674097}],"monotonic":true,"aggregationTemporality":"DELTA"}},{"name":"Indexing.writesQueuedMax","description":"","unit":"","type":"LONG_GAUGE","data":{"points":[{"startEpochNanos":1744439249964000000,"epochNanos":1744439310030000000,"attributes":{"empty":true},"value":0}]}},{"name":"Indexes.entries.lookupDuration90PMs","description":"","unit":"","type":"DOUBLE_GAUGE","data":{"points":[{"startEpochNanos":1744439249964000000,"epochNanos":1744439310030000000,"attributes":{"empty":true},"value":0.0}]}},{"name":"Indexes.entries.lookups","description":"","unit":"","type":"LONG_SUM","data":{"points":[{"startEpochNanos":1744439249964000000,"epochNanos":1744439310030000000,"attributes":{"empty":true},"value":6}],"monotonic":true,"aggregationTemporality":"DELTA"}},{"name":"Indexing.writesQueuedMin","description":"","unit":"","type":"LONG_GAUGE","data":{"points":[{"startEpochNanos":1744439249964000000,"epochNanos":1744439310030000000,"attributes":{"empty":true},"value":9223372036854775807}]}},{"name":"Indexing.cache.totalCacheEvicted","description":"","unit":"","type":"LONG_SUM","data":{"points":[{"startEpochNanos":1744439249964000000,"epochNanos":1744439310030000000,"attributes":{"empty":true},"value":578668}],"monotonic":true,"aggregationTemporality":"DELTA"}},{"name":"Indexing.writer_0.totalTimeSpentWritingMs","description":"","unit":"","type":"LONG_SUM","data":{"points":[{"startEpochNanos":1744439249964000000,"epochNanos":1744439310030000000,"attributes":{"empty":true},"value":0}],"monotonic":true,"aggregationTemporality":"DELTA"}},{"name":"Indexes.stubs.lookupDurationMaxMs","description":"","unit":"","type":"DOUBLE_GAUGE","data":{"points":[{"startEpochNanos":1744439249964000000,"epochNanos":1744439310030000000,"attributes":{"empty":true},"value":0.0}]}},{"name":"Indexing.writer_3.totalTimeSpentWritingMs","description":"","unit":"","type":"LONG_SUM","data":{"points":[{"startEpochNanos":1744439249964000000,"epochNanos":1744439310030000000,"attributes":{"empty":true},"value":0}],"monotonic":true,"aggregationTemporality":"DELTA"}},{"name":"Indexing.writer_1.totalTimeSpentWritingMs","description":"","unit":"","type":"LONG_SUM","data":{"points":[{"startEpochNanos":1744439249964000000,"epochNanos":1744439310030000000,"attributes":{"empty":true},"value":0}],"monotonic":true,"aggregationTemporality":"DELTA"}},{"name":"Indexes.allKeys.lookups","description":"","unit":"","type":"LONG_SUM","data":{"points":[{"startEpochNanos":1744439249964000000,"epochNanos":1744439310030000000,"attributes":{"empty":true},"value":0}],"monotonic":true,"aggregationTemporality":"DELTA"}},{"name":"Indexes.stubs.lookupDuration90PMs","description":"","unit":"","type":"DOUBLE_GAUGE","data":{"points":[{"startEpochNanos":1744439249964000000,"epochNanos":1744439310030000000,"attributes":{"empty":true},"value":0.0}]}},{"name":"IndexesFlusher.totalContentionQuotaSpent","description":"How many contention flush met in a period","unit":"1","type":"LONG_SUM","data":{"points":[{"startEpochNanos":1744439249964000000,"epochNanos":1744439310030000000,"attributes":{"empty":true},"value":171}],"monotonic":true,"aggregationTemporality":"DELTA"}},{"name":"Indexes.stubs.lookups","description":"","unit":"","type":"LONG_SUM","data":{"points":[{"startEpochNanos":1744439249964000000,"epochNanos":1744439310030000000,"attributes":{"empty":true},"value":0}],"monotonic":true,"aggregationTemporality":"DELTA"}},{"name":"Indexing.writer_2.totalTimeSpentWritingMs","description":"","unit":"","type":"LONG_SUM","data":{"points":[{"startEpochNanos":1744439249964000000,"epochNanos":1744439310030000000,"attributes":{"empty":true},"value":0}],"monotonic":true,"aggregationTemporality":"DELTA"}},{"name":"Indexes.allKeys.lookupDurationMaxMs","description":"","unit":"","type":"DOUBLE_GAUGE","data":{"points":[{"startEpochNanos":1744439249964000000,"epochNanos":1744439310030000000,"attributes":{"empty":true},"value":0.0}]}},{"name":"IndexesFlusher.totalFlushesRetried","description":"How many flushes retried in a period","unit":"1","type":"LONG_SUM","data":{"points":[{"startEpochNanos":1744439249964000000,"epochNanos":1744439310030000000,"attributes":{"empty":true},"value":3}],"monotonic":true,"aggregationTemporality":"DELTA"}},{"name":"Indexing.totalTimeIndexersSleptMs","description":"","unit":"","type":"LONG_SUM","data":{"points":[{"startEpochNanos":1744439249964000000,"epochNanos":1744439310030000000,"attributes":{"empty":true},"value":0}],"monotonic":true,"aggregationTemporality":"DELTA"}},{"name":"Indexes.stubs.lookupDurationAvgMs","description":"","unit":"","type":"DOUBLE_GAUGE","data":{"points":[{"startEpochNanos":1744439249964000000,"epochNanos":1744439310030000000,"attributes":{"empty":true},"value":0.0}]}},{"name":"Indexes.allKeys.lookupDurationAvgMs","description":"","unit":"","type":"DOUBLE_GAUGE","data":{"points":[{"startEpochNanos":1744439249964000000,"epochNanos":1744439310030000000,"attributes":{"empty":true},"value":0.0}]}},{"name":"Indexing.cache.totalCacheMisses","description":"","unit":"","type":"LONG_SUM","data":{"points":[{"startEpochNanos":1744439249964000000,"epochNanos":1744439310030000000,"attributes":{"empty":true},"value":719658}],"monotonic":true,"aggregationTemporality":"DELTA"}},{"name":"Indexing.cache.totalCacheAccesses","description":"","unit":"","type":"LONG_SUM","data":{"points":[{"startEpochNanos":1744439249964000000,"epochNanos":1744439310030000000,"attributes":{"empty":true},"value":2179038}],"monotonic":true,"aggregationTemporality":"DELTA"}},{"name":"IndexesFlusher.totalFlushes","description":"How many flushes done in a period (both: regular and retried)","unit":"1","type":"LONG_SUM","data":{"points":[{"startEpochNanos":1744439249964000000,"epochNanos":1744439310030000000,"attributes":{"empty":true},"value":63}],"monotonic":true,"aggregationTemporality":"DELTA"}},{"name":"Indexes.allKeys.lookupDuration90PMs","description":"","unit":"","type":"DOUBLE_GAUGE","data":{"points":[{"startEpochNanos":1744439249964000000,"epochNanos":1744439310030000000,"attributes":{"empty":true},"value":0.0}]}},{"name":"Indexes.entries.lookupDurationMaxMs","description":"","unit":"","type":"DOUBLE_GAUGE","data":{"points":[{"startEpochNanos":1744439249964000000,"epochNanos":1744439310030000000,"attributes":{"empty":true},"value":0.0}]}},{"name":"DiskQueryRelay.tasksRequested","description":"","unit":"","type":"LONG_SUM","data":{"points":[{"startEpochNanos":1744439249964000000,"epochNanos":1744439310030000000,"attributes":{"empty":true},"value":28893}],"monotonic":true,"aggregationTemporality":"DELTA"}},{"name":"parser.CSS.size.bytes","description":"","unit":"byte","type":"LONG_SUM","data":{"points":[{"startEpochNanos":1744439249964000000,"epochNanos":1744439310030000000,"attributes":{"empty":true},"value":11292503}],"monotonic":true,"aggregationTemporality":"DELTA"}},{"name":"parser.ApacheConfig.time.ns","description":"","unit":"ns","type":"LONG_SUM","data":{"points":[{"startEpochNanos":1744439249964000000,"epochNanos":1744439310030000000,"attributes":{"empty":true},"value":2347701}],"monotonic":true,"aggregationTemporality":"DELTA"}},{"name":"lexer.HTML.size.bytes","description":"","unit":"byte","type":"LONG_SUM","data":{"points":[{"startEpochNanos":1744439249964000000,"epochNanos":1744439310030000000,"attributes":{"empty":true},"value":770707}],"monotonic":true,"aggregationTemporality":"DELTA"}},{"name":"lexer.BladeHTML.time.ns","description":"","unit":"ns","type":"LONG_SUM","data":{"points":[{"startEpochNanos":1744439249964000000,"epochNanos":1744439310030000000,"attributes":{"empty":true},"value":33852601}],"monotonic":true,"aggregationTemporality":"DELTA"}},{"name":"DiskQueryRelay.tasksExecuted","description":"","unit":"","type":"LONG_SUM","data":{"points":[{"startEpochNanos":1744439249964000000,"epochNanos":1744439310030000000,"attributes":{"empty":true},"value":28887}],"monotonic":true,"aggregationTemporality":"DELTA"}},{"name":"lexer.CSS.time.ns","description":"","unit":"ns","type":"LONG_SUM","data":{"points":[{"startEpochNanos":1744439249964000000,"epochNanos":1744439310030000000,"attributes":{"empty":true},"value":2063504460}],"monotonic":true,"aggregationTemporality":"DELTA"}},{"name":"writeAction.wait.ms","description":"Total time waiting for the write lock","unit":"ms","type":"LONG_SUM","data":{"points":[{"startEpochNanos":1744439249964000000,"epochNanos":1744439310030000000,"attributes":{"empty":true},"value":99}],"monotonic":true,"aggregationTemporality":"DELTA"}},{"name":"parser.Ini.time.ns","description":"","unit":"ns","type":"LONG_SUM","data":{"points":[{"startEpochNanos":1744439249964000000,"epochNanos":1744439310030000000,"attributes":{"empty":true},"value":886200}],"monotonic":true,"aggregationTemporality":"DELTA"}},{"name":"parser.CSS.time.ns","description":"","unit":"ns","type":"LONG_SUM","data":{"points":[{"startEpochNanos":1744439249964000000,"epochNanos":1744439310030000000,"attributes":{"empty":true},"value":3251952034}],"monotonic":true,"aggregationTemporality":"DELTA"}},{"name":"lexer.XML.size.bytes","description":"","unit":"byte","type":"LONG_SUM","data":{"points":[{"startEpochNanos":1744439249964000000,"epochNanos":1744439310030000000,"attributes":{"empty":true},"value":592}],"monotonic":true,"aggregationTemporality":"DELTA"}},{"name":"parser.Markdown.time.ns","description":"","unit":"ns","type":"LONG_SUM","data":{"points":[{"startEpochNanos":1744439249964000000,"epochNanos":1744439310030000000,"attributes":{"empty":true},"value":14449999}],"monotonic":true,"aggregationTemporality":"DELTA"}},{"name":"parser.DotEnv.time.ns","description":"","unit":"ns","type":"LONG_SUM","data":{"points":[{"startEpochNanos":1744439249964000000,"epochNanos":1744439310030000000,"attributes":{"empty":true},"value":28225500}],"monotonic":true,"aggregationTemporality":"DELTA"}},{"name":"parser.DotEnv.size.bytes","description":"","unit":"byte","type":"LONG_SUM","data":{"points":[{"startEpochNanos":1744439249964000000,"epochNanos":1744439310030000000,"attributes":{"empty":true},"value":1812}],"monotonic":true,"aggregationTemporality":"DELTA"}},{"name":"parser.PHP.size.bytes","description":"","unit":"byte","type":"LONG_SUM","data":{"points":[{"startEpochNanos":1744439249964000000,"epochNanos":1744439310030000000,"attributes":{"empty":true},"value":18517268}],"monotonic":true,"aggregationTemporality":"DELTA"}},{"name":"writeAction.max.wait.ms","description":"Max time waiting for the write lock","unit":"ms","type":"LONG_GAUGE","data":{"points":[{"startEpochNanos":1744439249964000000,"epochNanos":1744439310030000000,"attributes":{"empty":true},"value":33}]}},{"name":"parser.BladeHTML.time.ns","description":"","unit":"ns","type":"LONG_SUM","data":{"points":[{"startEpochNanos":1744439249964000000,"epochNanos":1744439310030000000,"attributes":{"empty":true},"value":255788099}],"monotonic":true,"aggregationTemporality":"DELTA"}},{"name":"parser.ApacheConfig.size.bytes","description":"","unit":"byte","type":"LONG_SUM","data":{"points":[{"startEpochNanos":1744439249964000000,"epochNanos":1744439310030000000,"attributes":{"empty":true},"value":1153}],"monotonic":true,"aggregationTemporality":"DELTA"}},{"name":"lexer.XML.time.ns","description":"","unit":"ns","type":"LONG_SUM","data":{"points":[{"startEpochNanos":1744439249964000000,"epochNanos":1744439310030000000,"attributes":{"empty":true},"value":525900}],"monotonic":true,"aggregationTemporality":"DELTA"}},{"name":"DiskQueryRelay.taskWaitingTotalTimeUs","description":"","unit":"","type":"LONG_SUM","data":{"points":[{"startEpochNanos":1744439249964000000,"epochNanos":1744439310030000000,"attributes":{"empty":true},"value":44429251}],"monotonic":true,"aggregationTemporality":"DELTA"}},{"name":"lexer.Ini.time.ns","description":"","unit":"ns","type":"LONG_SUM","data":{"points":[{"startEpochNanos":1744439249964000000,"epochNanos":1744439310030000000,"attributes":{"empty":true},"value":97000}],"monotonic":true,"aggregationTemporality":"DELTA"}},{"name":"lexer.CSS.size.bytes","description":"","unit":"byte","type":"LONG_SUM","data":{"points":[{"startEpochNanos":1744439249964000000,"epochNanos":1744439310030000000,"attributes":{"empty":true},"value":11292914}],"monotonic":true,"aggregationTemporality":"DELTA"}},{"name":"writeAction.median.wait.ms","description":"Median time waiting for the write lock, step 100 ms","unit":"ms","type":"LONG_GAUGE","data":{"points":[{"startEpochNanos":1744439249964000000,"epochNanos":1744439310030000000,"attributes":{"empty":true},"value":0}]}},{"name":"lexer.ApacheConfig.size.bytes","description":"","unit":"byte","type":"LONG_SUM","data":{"points":[{"startEpochNanos":1744439249964000000,"epochNanos":1744439310030000000,"attributes":{"empty":true},"value":1153}],"monotonic":true,"aggregationTemporality":"DELTA"}},{"name":"writeAction.count","description":"Number of write actions run","unit":"","type":"LONG_SUM","data":{"points":[{"startEpochNanos":1744439249964000000,"epochNanos":1744439310030000000,"attributes":{"empty":true},"value":39}],"monotonic":true,"aggregationTemporality":"DELTA"}},{"name":"lexer.ApacheConfig.time.ns","description":"","unit":"ns","type":"LONG_SUM","data":{"points":[{"startEpochNanos":1744439249964000000,"epochNanos":1744439310030000000,"attributes":{"empty":true},"value":843000}],"monotonic":true,"aggregationTemporality":"DELTA"}},{"name":"lexer.Markdown.time.ns","description":"","unit":"ns","type":"LONG_SUM","data":{"points":[{"startEpochNanos":1744439249964000000,"epochNanos":1744439310030000000,"attributes":{"empty":true},"value":6812298}],"monotonic":true,"aggregationTemporality":"DELTA"}},{"name":"lexer.Markdown.size.bytes","description":"","unit":"byte","type":"LONG_SUM","data":{"points":[{"startEpochNanos":1744439249964000000,"epochNanos":1744439310030000000,"attributes":{"empty":true},"value":3070}],"monotonic":true,"aggregationTemporality":"DELTA"}},{"name":"parser.HTML.size.bytes","description":"","unit":"byte","type":"LONG_SUM","data":{"points":[{"startEpochNanos":1744439249964000000,"epochNanos":1744439310030000000,"attributes":{"empty":true},"value":770707}],"monotonic":true,"aggregationTemporality":"DELTA"}},{"name":"DiskQueryRelay.taskExecutionTotalTimeUs","description":"","unit":"","type":"LONG_SUM","data":{"points":[{"startEpochNanos":1744439249964000000,"epochNanos":1744439310030000000,"attributes":{"empty":true},"value":9562229}],"monotonic":true,"aggregationTemporality":"DELTA"}},{"name":"lexer.BladeHTML.size.bytes","description":"","unit":"byte","type":"LONG_SUM","data":{"points":[{"startEpochNanos":1744439249964000000,"epochNanos":1744439310030000000,"attributes":{"empty":true},"value":132078}],"monotonic":true,"aggregationTemporality":"DELTA"}},{"name":"parser.HTML.time.ns","description":"","unit":"ns","type":"LONG_SUM","data":{"points":[{"startEpochNanos":1744439249964000000,"epochNanos":1744439310030000000,"attributes":{"empty":true},"value":211399108}],"monotonic":true,"aggregationTemporality":"DELTA"}},{"name":"lexer.Ini.size.bytes","description":"","unit":"byte","type":"LONG_SUM","data":{"points":[{"startEpochNanos":1744439249964000000,"epochNanos":1744439310030000000,"attributes":{"empty":true},"value":285}],"monotonic":true,"aggregationTemporality":"DELTA"}},{"name":"parser.XML.time.ns","description":"","unit":"ns","type":"LONG_SUM","data":{"points":[{"startEpochNanos":1744439249964000000,"epochNanos":1744439310030000000,"attributes":{"empty":true},"value":9517700}],"monotonic":true,"aggregationTemporality":"DELTA"}},{"name":"parser.Markdown.size.bytes","description":"","unit":"byte","type":"LONG_SUM","data":{"points":[{"startEpochNanos":1744439249964000000,"epochNanos":1744439310030000000,"attributes":{"empty":true},"value":3070}],"monotonic":true,"aggregationTemporality":"DELTA"}},{"name":"lexer.DotEnv.size.bytes","description":"","unit":"byte","type":"LONG_SUM","data":{"points":[{"startEpochNanos":1744439249964000000,"epochNanos":1744439310030000000,"attributes":{"empty":true},"value":1812}],"monotonic":true,"aggregationTemporality":"DELTA"}},{"name":"parser.PHP.time.ns","description":"","unit":"ns","type":"LONG_SUM","data":{"points":[{"startEpochNanos":1744439249964000000,"epochNanos":1744439310030000000,"attributes":{"empty":true},"value":2433701212}],"monotonic":true,"aggregationTemporality":"DELTA"}},{"name":"parser.Ini.size.bytes","description":"","unit":"byte","type":"LONG_SUM","data":{"points":[{"startEpochNanos":1744439249964000000,"epochNanos":1744439310030000000,"attributes":{"empty":true},"value":285}],"monotonic":true,"aggregationTemporality":"DELTA"}},{"name":"lexer.DotEnv.time.ns","description":"","unit":"ns","type":"LONG_SUM","data":{"points":[{"startEpochNanos":1744439249964000000,"epochNanos":1744439310030000000,"attributes":{"empty":true},"value":448000}],"monotonic":true,"aggregationTemporality":"DELTA"}},{"name":"parser.XML.size.bytes","description":"","unit":"byte","type":"LONG_SUM","data":{"points":[{"startEpochNanos":1744439249964000000,"epochNanos":1744439310030000000,"attributes":{"empty":true},"value":592}],"monotonic":true,"aggregationTemporality":"DELTA"}},{"name":"lexer.PHP.size.bytes","description":"","unit":"byte","type":"LONG_SUM","data":{"points":[{"startEpochNanos":1744439249964000000,"epochNanos":1744439310030000000,"attributes":{"empty":true},"value":18517268}],"monotonic":true,"aggregationTemporality":"DELTA"}},{"name":"lexer.HTML.time.ns","description":"","unit":"ns","type":"LONG_SUM","data":{"points":[{"startEpochNanos":1744439249964000000,"epochNanos":1744439310030000000,"attributes":{"empty":true},"value":183452416}],"monotonic":true,"aggregationTemporality":"DELTA"}},{"name":"parser.BladeHTML.size.bytes","description":"","unit":"byte","type":"LONG_SUM","data":{"points":[{"startEpochNanos":1744439249964000000,"epochNanos":1744439310030000000,"attributes":{"empty":true},"value":132078}],"monotonic":true,"aggregationTemporality":"DELTA"}},{"name":"lexer.PHP.time.ns","description":"","unit":"ns","type":"LONG_SUM","data":{"points":[{"startEpochNanos":1744439249964000000,"epochNanos":1744439310030000000,"attributes":{"empty":true},"value":1838582529}],"monotonic":true,"aggregationTemporality":"DELTA"}},{"name":"VFS.fileByIdCache.hits","description":"","unit":"","type":"LONG_SUM","data":{"points":[{"startEpochNanos":1744439249964000000,"epochNanos":1744439310030000000,"attributes":{"empty":true},"value":1}],"monotonic":true,"aggregationTemporality":"DELTA"}},{"name":"VFS.invertedFileNameIndex.requests","description":"","unit":"","type":"LONG_SUM","data":{"points":[{"startEpochNanos":1744439249964000000,"epochNanos":1744439310030000000,"attributes":{"empty":true},"value":1}],"monotonic":true,"aggregationTemporality":"DELTA"}},{"name":"FileNameCache.totalMisses","description":"","unit":"","type":"LONG_SUM","data":{"points":[{"startEpochNanos":1744439249964000000,"epochNanos":1744439310030000000,"attributes":{"empty":true},"value":1728}],"monotonic":true,"aggregationTemporality":"DELTA"}},{"name":"VFS.contentStorage.recordsStoredSize","description":"","unit":"","type":"LONG_SUM","data":{"points":[{"startEpochNanos":1744439249964000000,"epochNanos":1744439310030000000,"attributes":{"empty":true},"value":123865}],"monotonic":true,"aggregationTemporality":"DELTA"}},{"name":"VFS.contentStorage.recordsUncompressedSize","description":"","unit":"","type":"LONG_SUM","data":{"points":[{"startEpochNanos":1744439249964000000,"epochNanos":1744439310030000000,"attributes":{"empty":true},"value":625520}],"monotonic":true,"aggregationTemporality":"DELTA"}},{"name":"VFS.contentStorage.recordsReadDecompressed","description":"","unit":"","type":"LONG_SUM","data":{"points":[{"startEpochNanos":1744439249964000000,"epochNanos":1744439310030000000,"attributes":{"empty":true},"value":7}],"monotonic":true,"aggregationTemporality":"DELTA"}},{"name":"VFS.contentStorage.recordsRead","description":"","unit":"","type":"LONG_SUM","data":{"points":[{"startEpochNanos":1744439249964000000,"epochNanos":1744439310030000000,"attributes":{"empty":true},"value":24}],"monotonic":true,"aggregationTemporality":"DELTA"}},{"name":"VFS.contentStorage.recordsDeduplicated","description":"","unit":"","type":"LONG_SUM","data":{"points":[{"startEpochNanos":1744439249964000000,"epochNanos":1744439310030000000,"attributes":{"empty":true},"value":3}],"monotonic":true,"aggregationTemporality":"DELTA"}},{"name":"VFS.contentStorage.recordsStored","description":"","unit":"","type":"LONG_SUM","data":{"points":[{"startEpochNanos":1744439249964000000,"epochNanos":1744439310030000000,"attributes":{"empty":true},"value":8}],"monotonic":true,"aggregationTemporality":"DELTA"}},{"name":"VFS.contentStorage.recordsStoredCompressed","description":"","unit":"","type":"LONG_SUM","data":{"points":[{"startEpochNanos":1744439249964000000,"epochNanos":1744439310030000000,"attributes":{"empty":true},"value":3}],"monotonic":true,"aggregationTemporality":"DELTA"}},{"name":"VFS.fileChildByName","description":"","unit":"","type":"LONG_SUM","data":{"points":[{"startEpochNanos":1744439249964000000,"epochNanos":1744439310030000000,"attributes":{"empty":true},"value":20238}],"monotonic":true,"aggregationTemporality":"DELTA"}},{"name":"VFS.fileByIdCache.misses","description":"","unit":"","type":"LONG_SUM","data":{"points":[{"startEpochNanos":1744439249964000000,"epochNanos":1744439310030000000,"attributes":{"empty":true},"value":6}],"monotonic":true,"aggregationTemporality":"DELTA"}},{"name":"FileNameCache.queries","description":"","unit":"","type":"LONG_SUM","data":{"points":[{"startEpochNanos":1744439249964000000,"epochNanos":1744439310030000000,"attributes":{"empty":true},"value":7204864}],"monotonic":true,"aggregationTemporality":"DELTA"}},{"name":"VFS.contentStorage.recordsDecompressionTimeUs","description":"","unit":"","type":"LONG_SUM","data":{"points":[{"startEpochNanos":1744439249964000000,"epochNanos":1744439310030000000,"attributes":{"empty":true},"value":31004}],"monotonic":true,"aggregationTemporality":"DELTA"}},{"name":"VFS.contentStorage.recordsReadSize","description":"","unit":"","type":"LONG_SUM","data":{"points":[{"startEpochNanos":1744439249964000000,"epochNanos":1744439310030000000,"attributes":{"empty":true},"value":1618051}],"monotonic":true,"aggregationTemporality":"DELTA"}},{"name":"jps.load.project.to.empty.storage.ms","description":"","unit":"","type":"LONG_SUM","data":{"points":[{"startEpochNanos":1744439249964000000,"epochNanos":1744439310030000000,"attributes":{"empty":true},"value":220}],"monotonic":true,"aggregationTemporality":"DELTA"}},{"name":"workspaceModel.do.save.caches.ms","description":"","unit":"","type":"LONG_SUM","data":{"points":[{"startEpochNanos":1744439249964000000,"epochNanos":1744439310030000000,"attributes":{"empty":true},"value":197}],"monotonic":true,"aggregationTemporality":"DELTA"}},{"name":"workspaceModel.mutableEntityStorage.changeLog.addReplaceEventForRemovedParent.ms","description":"","unit":"","type":"LONG_SUM","data":{"points":[{"startEpochNanos":1744439249964000000,"epochNanos":1744439310030000000,"attributes":{"empty":true},"value":0}],"monotonic":true,"aggregationTemporality":"DELTA"}},{"name":"jps.global.get.library.ms","description":"","unit":"","type":"LONG_SUM","data":{"points":[{"startEpochNanos":1744439249964000000,"epochNanos":1744439310030000000,"attributes":{"empty":true},"value":0}],"monotonic":true,"aggregationTemporality":"DELTA"}},{"name":"workspaceModel.moduleManagerBridge.get.modules.ms","description":"","unit":"","type":"LONG_SUM","data":{"points":[{"startEpochNanos":1744439249964000000,"epochNanos":1744439310030000000,"attributes":{"empty":true},"value":0}],"monotonic":true,"aggregationTemporality":"DELTA"}},{"name":"jps.facet.change.listener.process.change.events.ms","description":"","unit":"","type":"LONG_SUM","data":{"points":[{"startEpochNanos":1744439249964000000,"epochNanos":1744439310030000000,"attributes":{"empty":true},"value":0}],"monotonic":true,"aggregationTemporality":"DELTA"}},{"name":"jps.save.global.entities.ms","description":"","unit":"","type":"LONG_SUM","data":{"points":[{"startEpochNanos":1744439249964000000,"epochNanos":1744439310030000000,"attributes":{"empty":true},"value":8}],"monotonic":true,"aggregationTemporality":"DELTA"}},{"name":"workspaceModel.mutableEntityStorage.resolve.ms","description":"","unit":"","type":"LONG_SUM","data":{"points":[{"startEpochNanos":1744439249964000000,"epochNanos":1744439310030000000,"attributes":{"empty":true},"value":0}],"monotonic":true,"aggregationTemporality":"DELTA"}},{"name":"jps.artifact.entities.serializer.load.entities.ms","description":"","unit":"","type":"LONG_SUM","data":{"points":[{"startEpochNanos":1744439249964000000,"epochNanos":1744439310030000000,"attributes":{"empty":true},"value":0}],"monotonic":true,"aggregationTemporality":"DELTA"}},{"name":"workspaceModel.global.apply.state.to.project.ms","description":"","unit":"","type":"LONG_SUM","data":{"points":[{"startEpochNanos":1744439249964000000,"epochNanos":1744439310030000000,"attributes":{"empty":true},"value":0}],"monotonic":true,"aggregationTemporality":"DELTA"}},{"name":"jps.facet.change.listener.before.change.events.ms","description":"","unit":"","type":"LONG_SUM","data":{"points":[{"startEpochNanos":1744439249964000000,"epochNanos":1744439310030000000,"attributes":{"empty":true},"value":0}],"monotonic":true,"aggregationTemporality":"DELTA"}},{"name":"jps.app.storage.content.reader.load.component.ms","description":"","unit":"","type":"LONG_SUM","data":{"points":[{"startEpochNanos":1744439249964000000,"epochNanos":1744439310030000000,"attributes":{"empty":true},"value":1}],"monotonic":true,"aggregationTemporality":"DELTA"}},{"name":"workspaceModel.mutableEntityStorage.changeLog.addReplaceEventForRemovedChild.ms","description":"","unit":"","type":"LONG_SUM","data":{"points":[{"startEpochNanos":1744439249964000000,"epochNanos":1744439310030000000,"attributes":{"empty":true},"value":0}],"monotonic":true,"aggregationTemporality":"DELTA"}},{"name":"workspaceModel.mutableEntityStorage.to.snapshot.ms","description":"","unit":"","type":"LONG_SUM","data":{"points":[{"startEpochNanos":1744439249964000000,"epochNanos":1744439310030000000,"attributes":{"empty":true},"value":6}],"monotonic":true,"aggregationTemporality":"DELTA"}},{"name":"jps.module.iml.entities.serializer.save.entities.ms","description":"","unit":"","type":"LONG_SUM","data":{"points":[{"startEpochNanos":1744439249964000000,"epochNanos":1744439310030000000,"attributes":{"empty":true},"value":0}],"monotonic":true,"aggregationTemporality":"DELTA"}},{"name":"workspaceModel.mutableEntityStorage.mutable.ext.mapping.ms","description":"","unit":"","type":"LONG_SUM","data":{"points":[{"startEpochNanos":1744439249964000000,"epochNanos":1744439310030000000,"attributes":{"empty":true},"value":1}],"monotonic":true,"aggregationTemporality":"DELTA"}},{"name":"workspaceModel.mutableEntityStorage.referrers.ms","description":"","unit":"","type":"LONG_SUM","data":{"points":[{"startEpochNanos":1744439249964000000,"epochNanos":1744439310030000000,"attributes":{"empty":true},"value":0}],"monotonic":true,"aggregationTemporality":"DELTA"}},{"name":"jps.project.serializers.save.ms","description":"","unit":"","type":"LONG_SUM","data":{"points":[{"startEpochNanos":1744439249964000000,"epochNanos":1744439310030000000,"attributes":{"empty":true},"value":2}],"monotonic":true,"aggregationTemporality":"DELTA"}},{"name":"jps.global.get.library.by.name.ms","description":"","unit":"","type":"LONG_SUM","data":{"points":[{"startEpochNanos":1744439249964000000,"epochNanos":1744439310030000000,"attributes":{"empty":true},"value":0}],"monotonic":true,"aggregationTemporality":"DELTA"}},{"name":"workspaceModel.orphan.listener.update.ms","description":"","unit":"","type":"LONG_SUM","data":{"points":[{"startEpochNanos":1744439249964000000,"epochNanos":1744439310030000000,"attributes":{"empty":true},"value":4}],"monotonic":true,"aggregationTemporality":"DELTA"}},{"name":"jps.storage.jps.conf.reader.load.component.ms","description":"","unit":"","type":"LONG_SUM","data":{"points":[{"startEpochNanos":1744439249964000000,"epochNanos":1744439310030000000,"attributes":{"empty":true},"value":3}],"monotonic":true,"aggregationTemporality":"DELTA"}},{"name":"jps.apply.loaded.storage.ms","description":"","unit":"","type":"LONG_SUM","data":{"points":[{"startEpochNanos":1744439249964000000,"epochNanos":1744439310030000000,"attributes":{"empty":true},"value":113}],"monotonic":true,"aggregationTemporality":"DELTA"}},{"name":"workspaceModel.moduleManagerBridge.newModule.ms","description":"","unit":"","type":"LONG_SUM","data":{"points":[{"startEpochNanos":1744439249964000000,"epochNanos":1744439310030000000,"attributes":{"empty":true},"value":0}],"monotonic":true,"aggregationTemporality":"DELTA"}},{"name":"jps.app.storage.content.writer.save.component.ms","description":"","unit":"","type":"LONG_SUM","data":{"points":[{"startEpochNanos":1744439249964000000,"epochNanos":1744439310030000000,"attributes":{"empty":true},"value":2}],"monotonic":true,"aggregationTemporality":"DELTA"}},{"name":"jps.global.initialize.library.bridges.ms","description":"","unit":"","type":"LONG_SUM","data":{"points":[{"startEpochNanos":1744439249964000000,"epochNanos":1744439310030000000,"attributes":{"empty":true},"value":0}],"monotonic":true,"aggregationTemporality":"DELTA"}},{"name":"jps.facet.change.listener.init.bridge.ms","description":"","unit":"","type":"LONG_SUM","data":{"points":[{"startEpochNanos":1744439249964000000,"epochNanos":1744439310030000000,"attributes":{"empty":true},"value":0}],"monotonic":true,"aggregationTemporality":"DELTA"}},{"name":"jps.library.entities.serializer.save.entities.ms","description":"","unit":"","type":"LONG_SUM","data":{"points":[{"startEpochNanos":1744439249964000000,"epochNanos":1744439310030000000,"attributes":{"empty":true},"value":0}],"monotonic":true,"aggregationTemporality":"DELTA"}},{"name":"workspaceModel.mutableEntityStorage.remove.entity.ms","description":"","unit":"","type":"LONG_SUM","data":{"points":[{"startEpochNanos":1744439249964000000,"epochNanos":1744439310030000000,"attributes":{"empty":true},"value":0}],"monotonic":true,"aggregationTemporality":"DELTA"}},{"name":"workspaceModel.save.cache.to.file.ms","description":"","unit":"","type":"LONG_SUM","data":{"points":[{"startEpochNanos":1744439249964000000,"epochNanos":1744439310030000000,"attributes":{"empty":true},"value":163}],"monotonic":true,"aggregationTemporality":"DELTA"}},{"name":"jps.global.handle.before.change.events.ms","description":"","unit":"","type":"LONG_SUM","data":{"points":[{"startEpochNanos":1744439249964000000,"epochNanos":1744439310030000000,"attributes":{"empty":true},"value":0}],"monotonic":true,"aggregationTemporality":"DELTA"}},{"name":"workspaceModel.moduleManagerBridge.build.module.graph.ms","description":"","unit":"","type":"LONG_SUM","data":{"points":[{"startEpochNanos":1744439249964000000,"epochNanos":1744439310030000000,"attributes":{"empty":true},"value":2}],"monotonic":true,"aggregationTemporality":"DELTA"}},{"name":"workspaceModel.moduleManagerBridge.set.unloadedModules.ms","description":"","unit":"","type":"LONG_SUM","data":{"points":[{"startEpochNanos":1744439249964000000,"epochNanos":1744439310030000000,"attributes":{"empty":true},"value":0}],"monotonic":true,"aggregationTemporality":"DELTA"}},{"name":"workspaceModel.global.updates.ms","description":"","unit":"","type":"LONG_SUM","data":{"points":[{"startEpochNanos":1744439249964000000,"epochNanos":1744439310030000000,"attributes":{"empty":true},"value":0}],"monotonic":true,"aggregationTemporality":"DELTA"}},{"name":"workspaceModel.moduleManagerBridge.create.module.instance.ms","description":"","unit":"","type":"LONG_SUM","data":{"points":[{"startEpochNanos":1744439249964000000,"epochNanos":1744439310030000000,"attributes":{"empty":true},"value":0}],"monotonic":true,"aggregationTemporality":"DELTA"}},{"name":"jps.reload.project.entities.ms","description":"","unit":"","type":"LONG_SUM","data":{"points":[{"startEpochNanos":1744439249964000000,"epochNanos":1744439310030000000,"attributes":{"empty":true},"value":0}],"monotonic":true,"aggregationTemporality":"DELTA"}},{"name":"workspaceModel.delayed.project.synchronizer.sync.ms","description":"","unit":"","type":"LONG_SUM","data":{"points":[{"startEpochNanos":1744439249964000000,"epochNanos":1744439310030000000,"attributes":{"empty":true},"value":0}],"monotonic":true,"aggregationTemporality":"DELTA"}},{"name":"jps.global.initialize.library.bridges.after.loading.ms","description":"","unit":"","type":"LONG_SUM","data":{"points":[{"startEpochNanos":1744439249964000000,"epochNanos":1744439310030000000,"attributes":{"empty":true},"value":0}],"monotonic":true,"aggregationTemporality":"DELTA"}},{"name":"workspaceModel.sync.entities.ms","description":"","unit":"","type":"LONG_SUM","data":{"points":[{"startEpochNanos":1744439249964000000,"epochNanos":1744439310030000000,"attributes":{"empty":true},"value":0}],"monotonic":true,"aggregationTemporality":"DELTA"}},{"name":"workspaceModel.moduleManagerBridge.load.module.ms","description":"","unit":"","type":"LONG_SUM","data":{"points":[{"startEpochNanos":1744439249964000000,"epochNanos":1744439310030000000,"attributes":{"empty":true},"value":0}],"monotonic":true,"aggregationTemporality":"DELTA"}},{"name":"workspaceModel.mutableEntityStorage.changeLog.addReplaceEventForNewChild.ms","description":"","unit":"","type":"LONG_SUM","data":{"points":[{"startEpochNanos":1744439249964000000,"epochNanos":1744439310030000000,"attributes":{"empty":true},"value":2}],"monotonic":true,"aggregationTemporality":"DELTA"}},{"name":"workspaceModel.mutableEntityStorage.changeLog.addReplaceEventForNewParent.ms","description":"","unit":"","type":"LONG_SUM","data":{"points":[{"startEpochNanos":1744439249964000000,"epochNanos":1744439310030000000,"attributes":{"empty":true},"value":2}],"monotonic":true,"aggregationTemporality":"DELTA"}},{"name":"workspaceModel.moduleBridgeLoader.loading.modules.ms","description":"","unit":"","type":"LONG_SUM","data":{"points":[{"startEpochNanos":1744439249964000000,"epochNanos":1744439310030000000,"attributes":{"empty":true},"value":582}],"monotonic":true,"aggregationTemporality":"DELTA"}},{"name":"jps.module.iml.entities.serializer.load.entities.ms","description":"","unit":"","type":"LONG_SUM","data":{"points":[{"startEpochNanos":1744439249964000000,"epochNanos":1744439310030000000,"attributes":{"empty":true},"value":96}],"monotonic":true,"aggregationTemporality":"DELTA"}},{"name":"workspaceModel.mutableEntityStorage.entities.by.source.ms","description":"","unit":"","type":"LONG_SUM","data":{"points":[{"startEpochNanos":1744439249964000000,"epochNanos":1744439310030000000,"attributes":{"empty":true},"value":0}],"monotonic":true,"aggregationTemporality":"DELTA"}},{"name":"workspaceModel.mutableEntityStorage.has.same.entities.ms","description":"","unit":"","type":"LONG_SUM","data":{"points":[{"startEpochNanos":1744439249964000000,"epochNanos":1744439310030000000,"attributes":{"empty":true},"value":0}],"monotonic":true,"aggregationTemporality":"DELTA"}},{"name":"jps.global.handle.changed.events.ms","description":"","unit":"","type":"LONG_SUM","data":{"points":[{"startEpochNanos":1744439249964000000,"epochNanos":1744439310030000000,"attributes":{"empty":true},"value":0}],"monotonic":true,"aggregationTemporality":"DELTA"}},{"name":"workspaceModel.mutableEntityStorage.collect.changes.ms","description":"","unit":"","type":"LONG_SUM","data":{"points":[{"startEpochNanos":1744439249964000000,"epochNanos":1744439310030000000,"attributes":{"empty":true},"value":1}],"monotonic":true,"aggregationTemporality":"DELTA"}},{"name":"workspaceModel.load.cache.metadata.from.file.ms","description":"","unit":"","type":"LONG_SUM","data":{"points":[{"startEpochNanos":1744439249964000000,"epochNanos":1744439310030000000,"attributes":{"empty":true},"value":0}],"monotonic":true,"aggregationTemporality":"DELTA"}},{"name":"jps.library.entities.serializer.load.entities.ms","description":"","unit":"","type":"LONG_SUM","data":{"points":[{"startEpochNanos":1744439249964000000,"epochNanos":1744439310030000000,"attributes":{"empty":true},"value":0}],"monotonic":true,"aggregationTemporality":"DELTA"}},{"name":"workspaceModel.load.cache.from.file.ms","description":"","unit":"","type":"LONG_SUM","data":{"points":[{"startEpochNanos":1744439249964000000,"epochNanos":1744439310030000000,"attributes":{"empty":true},"value":0}],"monotonic":true,"aggregationTemporality":"DELTA"}},{"name":"workspaceModel.global.updates.count","description":"","unit":"","type":"LONG_SUM","data":{"points":[{"startEpochNanos":1744439249964000000,"epochNanos":1744439310030000000,"attributes":{"empty":true},"value":0}],"monotonic":true,"aggregationTemporality":"DELTA"}},{"name":"workspaceModel.mutableEntityStorage.add.entity.ms","description":"","unit":"","type":"LONG_SUM","data":{"points":[{"startEpochNanos":1744439249964000000,"epochNanos":1744439310030000000,"attributes":{"empty":true},"value":108}],"monotonic":true,"aggregationTemporality":"DELTA"}},{"name":"workspaceModel.moduleManagerBridge.new.nonPersistent.module.ms","description":"","unit":"","type":"LONG_SUM","data":{"points":[{"startEpochNanos":1744439249964000000,"epochNanos":1744439310030000000,"attributes":{"empty":true},"value":0}],"monotonic":true,"aggregationTemporality":"DELTA"}},{"name":"workspaceModel.mutableEntityStorage.put.entity.ms","description":"","unit":"","type":"LONG_SUM","data":{"points":[{"startEpochNanos":1744439249964000000,"epochNanos":1744439310030000000,"attributes":{"empty":true},"value":27}],"monotonic":true,"aggregationTemporality":"DELTA"}},{"name":"workspaceModel.mutableEntityStorage.instances.count","description":"","unit":"","type":"LONG_SUM","data":{"points":[{"startEpochNanos":1744439249964000000,"epochNanos":1744439310030000000,"attributes":{"empty":true},"value":30}],"monotonic":true,"aggregationTemporality":"DELTA"}},{"name":"jps.module.dependency.index.workspace.model.listener.on.changed.ms","description":"","unit":"","type":"LONG_SUM","data":{"points":[{"startEpochNanos":1744439249964000000,"epochNanos":1744439310030000000,"attributes":{"empty":true},"value":1}],"monotonic":true,"aggregationTemporality":"DELTA"}},{"name":"workspaceModel.mutableEntityStorage.mutable.vfurl.index.ms","description":"","unit":"","type":"LONG_SUM","data":{"points":[{"startEpochNanos":1744439249964000000,"epochNanos":1744439310030000000,"attributes":{"empty":true},"value":0}],"monotonic":true,"aggregationTemporality":"DELTA"}},{"name":"workspaceModel.moduleBridge.before.changed.ms","description":"","unit":"","type":"LONG_SUM","data":{"points":[{"startEpochNanos":1744439249964000000,"epochNanos":1744439310030000000,"attributes":{"empty":true},"value":0}],"monotonic":true,"aggregationTemporality":"DELTA"}},{"name":"workspaceModel.mutableEntityStorage.modify.entity.ms","description":"","unit":"","type":"LONG_SUM","data":{"points":[{"startEpochNanos":1744439249964000000,"epochNanos":1744439310030000000,"attributes":{"empty":true},"value":0}],"monotonic":true,"aggregationTemporality":"DELTA"}},{"name":"jps.load.initial.state.ms","description":"","unit":"","type":"LONG_SUM","data":{"points":[{"startEpochNanos":1744439249964000000,"epochNanos":1744439310030000000,"attributes":{"empty":true},"value":10}],"monotonic":true,"aggregationTemporality":"DELTA"}},{"name":"workspaceModel.mutableEntityStorage.replace.by.source.ms","description":"","unit":"","type":"LONG_SUM","data":{"points":[{"startEpochNanos":1744439249964000000,"epochNanos":1744439310030000000,"attributes":{"empty":true},"value":26}],"monotonic":true,"aggregationTemporality":"DELTA"}},{"name":"workspaceModel.moduleManagerBridge.load.all.modules.ms","description":"","unit":"","type":"LONG_SUM","data":{"points":[{"startEpochNanos":1744439249964000000,"epochNanos":1744439310030000000,"attributes":{"empty":true},"value":24}],"monotonic":true,"aggregationTemporality":"DELTA"}},{"name":"workspaceModel.moduleBridge.update.option.ms","description":"","unit":"","type":"LONG_SUM","data":{"points":[{"startEpochNanos":1744439249964000000,"epochNanos":1744439310030000000,"attributes":{"empty":true},"value":0}],"monotonic":true,"aggregationTemporality":"DELTA"}},{"name":"jps.global.get.libraries.ms","description":"","unit":"","type":"LONG_SUM","data":{"points":[{"startEpochNanos":1744439249964000000,"epochNanos":1744439310030000000,"attributes":{"empty":true},"value":0}],"monotonic":true,"aggregationTemporality":"DELTA"}},{"name":"workspaceModel.global.apply.state.to.project.builder.ms","description":"","unit":"","type":"LONG_SUM","data":{"points":[{"startEpochNanos":1744439249964000000,"epochNanos":1744439310030000000,"attributes":{"empty":true},"value":3}],"monotonic":true,"aggregationTemporality":"DELTA"}},{"name":"jps.project.serializers.load.ms","description":"","unit":"","type":"LONG_SUM","data":{"points":[{"startEpochNanos":1744439249964000000,"epochNanos":1744439310030000000,"attributes":{"empty":true},"value":163}],"monotonic":true,"aggregationTemporality":"DELTA"}},{"name":"workspaceModel.moduleBridge.facet.initialization.ms","description":"","unit":"","type":"LONG_SUM","data":{"points":[{"startEpochNanos":1744439249964000000,"epochNanos":1744439310030000000,"attributes":{"empty":true},"value":0}],"monotonic":true,"aggregationTemporality":"DELTA"}},{"name":"workspaceModel.mutableEntityStorage.entities.ms","description":"","unit":"","type":"LONG_SUM","data":{"points":[{"startEpochNanos":1744439249964000000,"epochNanos":1744439310030000000,"attributes":{"empty":true},"value":0}],"monotonic":true,"aggregationTemporality":"DELTA"}},{"name":"jps.artifact.entities.serializer.save.entities.ms","description":"","unit":"","type":"LONG_SUM","data":{"points":[{"startEpochNanos":1744439249964000000,"epochNanos":1744439310030000000,"attributes":{"empty":true},"value":0}],"monotonic":true,"aggregationTemporality":"DELTA"}},{"name":"workspaceModel.mutableEntityStorage.apply.changes.from.ms","description":"","unit":"","type":"LONG_SUM","data":{"points":[{"startEpochNanos":1744439249964000000,"epochNanos":1744439310030000000,"attributes":{"empty":true},"value":33}],"monotonic":true,"aggregationTemporality":"DELTA"}},{"name":"jps.save.changed.project.entities.ms","description":"","unit":"","type":"LONG_SUM","data":{"points":[{"startEpochNanos":1744439249964000000,"epochNanos":1744439310030000000,"attributes":{"empty":true},"value":2}],"monotonic":true,"aggregationTemporality":"DELTA"}},{"name":"cacheStateStorage.set.counter","description":"","unit":"","type":"LONG_SUM","data":{"points":[{"startEpochNanos":1744439249964000000,"epochNanos":1744439310030000000,"attributes":{"empty":true},"value":10}],"monotonic":true,"aggregationTemporality":"DELTA"}},{"name":"cacheStateStorage.get.counter","description":"","unit":"","type":"LONG_SUM","data":{"points":[{"startEpochNanos":1744439249964000000,"epochNanos":1744439310030000000,"attributes":{"empty":true},"value":9}],"monotonic":true,"aggregationTemporality":"DELTA"}},{"name":"cacheStateStorage.set.duration","description":"","unit":"","type":"LONG_SUM","data":{"points":[{"startEpochNanos":1744439249964000000,"epochNanos":1744439310030000000,"attributes":{"empty":true},"value":11}],"monotonic":true,"aggregationTemporality":"DELTA"}},{"name":"cacheStateStorage.get.duration","description":"","unit":"","type":"LONG_SUM","data":{"points":[{"startEpochNanos":1744439249964000000,"epochNanos":1744439310030000000,"attributes":{"empty":true},"value":110}],"monotonic":true,"aggregationTemporality":"DELTA"}},{"name":"FilePageCacheLockFree.housekeeperTurnsSkipped","description":"","unit":"","type":"LONG_SUM","data":{"points":[{"startEpochNanos":1744439249964000000,"epochNanos":1744439310030000000,"attributes":{"empty":true},"value":0}],"monotonic":true,"aggregationTemporality":"DELTA"}},{"name":"FilePageCacheLockFree.totalHeapBytesReclaimed","description":"","unit":"","type":"LONG_SUM","data":{"points":[{"startEpochNanos":1744439249964000000,"epochNanos":1744439310030000000,"attributes":{"empty":true},"value":0}],"monotonic":true,"aggregationTemporality":"DELTA"}},{"name":"FilePageCache.pageLoads","description":"","unit":"","type":"LONG_SUM","data":{"points":[{"startEpochNanos":1744439249964000000,"epochNanos":1744439310030000000,"attributes":{"empty":true},"value":491}],"monotonic":true,"aggregationTemporality":"DELTA"}},{"name":"StreamlinedBlobStorage.recordsAllocated","description":"","unit":"","type":"LONG_SUM","data":{"points":[{"startEpochNanos":1744439249964000000,"epochNanos":1744439310030000000,"attributes":{"empty":false},"value":6036}],"monotonic":true,"aggregationTemporality":"DELTA"}},{"name":"FilePageCacheLockFree.housekeeperTimeSpentMs","description":"","unit":"","type":"LONG_SUM","data":{"points":[{"startEpochNanos":1744439249964000000,"epochNanos":1744439310030000000,"attributes":{"empty":true},"value":0}],"monotonic":true,"aggregationTemporality":"DELTA"}},{"name":"DirectByteBufferAllocator.misses","description":"","unit":"","type":"LONG_SUM","data":{"points":[{"startEpochNanos":1744439249964000000,"epochNanos":1744439310030000000,"attributes":{"empty":true},"value":480}],"monotonic":true,"aggregationTemporality":"DELTA"}},{"name":"FilePageCacheLockFree.totalHeapBytesAllocated","description":"","unit":"","type":"LONG_SUM","data":{"points":[{"startEpochNanos":1744439249964000000,"epochNanos":1744439310030000000,"attributes":{"empty":true},"value":0}],"monotonic":true,"aggregationTemporality":"DELTA"}},{"name":"StorageLockContext.competingThreads.max","description":"","unit":"","type":"LONG_GAUGE","data":{"points":[{"startEpochNanos":1744439249964000000,"epochNanos":1744439310030000000,"attributes":{"empty":true},"value":0}]}},{"name":"FilePageCacheLockFree.totalPagesHandedOver","description":"","unit":"","type":"LONG_SUM","data":{"points":[{"startEpochNanos":1744439249964000000,"epochNanos":1744439310030000000,"attributes":{"empty":true},"value":0}],"monotonic":true,"aggregationTemporality":"DELTA"}},{"name":"FilePageCacheLockFree.totalPagesWriteMs","description":"","unit":"","type":"LONG_SUM","data":{"points":[{"startEpochNanos":1744439249964000000,"epochNanos":1744439310030000000,"attributes":{"empty":true},"value":0}],"monotonic":true,"aggregationTemporality":"DELTA"}},{"name":"MappedFileStorage.totalTimeSpentOnMappingUs","description":"Total time (us) spent inside Page.map() method (file expansion/zeroing, + mmap)","unit":"us","type":"LONG_GAUGE","data":{"points":[{"startEpochNanos":1744439249964000000,"epochNanos":1744439310030000000,"attributes":{"empty":true},"value":270075}]}},{"name":"FilePageCacheLockFree.housekeeperTurnsDone","description":"","unit":"","type":"LONG_SUM","data":{"points":[{"startEpochNanos":1744439249964000000,"epochNanos":1744439310030000000,"attributes":{"empty":true},"value":0}],"monotonic":true,"aggregationTemporality":"DELTA"}},{"name":"FilePageCache.disposedBuffers","description":"","unit":"","type":"LONG_SUM","data":{"points":[{"startEpochNanos":1744439249964000000,"epochNanos":1744439310030000000,"attributes":{"empty":true},"value":332}],"monotonic":true,"aggregationTemporality":"DELTA"}},{"name":"DirectByteBufferAllocator.reclaimed","description":"","unit":"","type":"LONG_SUM","data":{"points":[{"startEpochNanos":1744439249964000000,"epochNanos":1744439310030000000,"attributes":{"empty":true},"value":332}],"monotonic":true,"aggregationTemporality":"DELTA"}},{"name":"FilePageCache.pageFastCacheHits","description":"","unit":"","type":"LONG_SUM","data":{"points":[{"startEpochNanos":1744439249964000000,"epochNanos":1744439310030000000,"attributes":{"empty":true},"value":1069323}],"monotonic":true,"aggregationTemporality":"DELTA"}},{"name":"FilePageCache.pageHits","description":"","unit":"","type":"LONG_SUM","data":{"points":[{"startEpochNanos":1744439249964000000,"epochNanos":1744439310030000000,"attributes":{"empty":true},"value":7}],"monotonic":true,"aggregationTemporality":"DELTA"}},{"name":"StorageLockContext.competingThreads.avg","description":"","unit":"","type":"DOUBLE_GAUGE","data":{"points":[{"startEpochNanos":1744439249964000000,"epochNanos":1744439310030000000,"attributes":{"empty":true},"value":0.0}]}},{"name":"DirectByteBufferAllocator.hits","description":"","unit":"","type":"LONG_SUM","data":{"points":[{"startEpochNanos":1744439249964000000,"epochNanos":1744439310030000000,"attributes":{"empty":true},"value":331}],"monotonic":true,"aggregationTemporality":"DELTA"}},{"name":"MappedFileStorage.totalBytesMapped","description":"Total size of MappedByteBuffers in use by MappedFileStorage at the moment","unit":"bytes","type":"LONG_GAUGE","data":{"points":[{"startEpochNanos":1744439249964000000,"epochNanos":1744439310030000000,"attributes":{"empty":true},"value":194248704}]}},{"name":"FilePageCacheLockFree.totalPagesReclaimed","description":"","unit":"","type":"LONG_SUM","data":{"points":[{"startEpochNanos":1744439249964000000,"epochNanos":1744439310030000000,"attributes":{"empty":true},"value":0}],"monotonic":true,"aggregationTemporality":"DELTA"}},{"name":"FilePageCacheLockFree.totalPagesReadMs","description":"","unit":"","type":"LONG_SUM","data":{"points":[{"startEpochNanos":1744439249964000000,"epochNanos":1744439310030000000,"attributes":{"empty":true},"value":0}],"monotonic":true,"aggregationTemporality":"DELTA"}},{"name":"FilePageCache.capacityInBytes","description":"Cache capacity, configured on application startup","unit":"bytes","type":"LONG_GAUGE","data":{"points":[{"startEpochNanos":1744439249964000000,"epochNanos":1744439310030000000,"attributes":{"empty":true},"value":503316478}]}},{"name":"FilePageCacheLockFree.totalBytesRequested","description":"","unit":"","type":"LONG_SUM","data":{"points":[{"startEpochNanos":1744439249964000000,"epochNanos":1744439310030000000,"attributes":{"empty":true},"value":0}],"monotonic":true,"aggregationTemporality":"DELTA"}},{"name":"FilePageCacheLockFree.totalPagesRequestsMs","description":"","unit":"","type":"LONG_SUM","data":{"points":[{"startEpochNanos":1744439249964000000,"epochNanos":1744439310030000000,"attributes":{"empty":true},"value":0}],"monotonic":true,"aggregationTemporality":"DELTA"}},{"name":"FilePageCacheLockFree.totalPagesWritten","description":"","unit":"","type":"LONG_SUM","data":{"points":[{"startEpochNanos":1744439249964000000,"epochNanos":1744439310030000000,"attributes":{"empty":true},"value":0}],"monotonic":true,"aggregationTemporality":"DELTA"}},{"name":"FilePageCacheLockFree.heapBytesInUse","description":"","unit":"","type":"LONG_GAUGE","data":{"points":[{"startEpochNanos":1744439249964000000,"epochNanos":1744439310030000000,"attributes":{"empty":true},"value":0}]}},{"name":"FileChannelInterruptsRetryer.totalRetriedAttempts","description":"","unit":"","type":"LONG_SUM","data":{"points":[{"startEpochNanos":1744439249964000000,"epochNanos":1744439310030000000,"attributes":{"empty":true},"value":0}],"monotonic":true,"aggregationTemporality":"DELTA"}},{"name":"DirectByteBufferAllocator.disposed","description":"","unit":"","type":"LONG_SUM","data":{"points":[{"startEpochNanos":1744439249964000000,"epochNanos":1744439310030000000,"attributes":{"empty":true},"value":0}],"monotonic":true,"aggregationTemporality":"DELTA"}},{"name":"StreamlinedBlobStorage.recordsRelocated","description":"","unit":"","type":"LONG_SUM","data":{"points":[{"startEpochNanos":1744439249964000000,"epochNanos":1744439310030000000,"attributes":{"empty":false},"value":0}],"monotonic":true,"aggregationTemporality":"DELTA"}},{"name":"DirectByteBufferAllocator.totalSizeOfBuffersCachedInBytes","description":"","unit":"bytes","type":"LONG_GAUGE","data":{"points":[{"startEpochNanos":1744439249964000000,"epochNanos":1744439310030000000,"attributes":{"empty":true},"value":1048576}]}},{"name":"FilePageCache.pageLoadsAboveSizeThreshold","description":"","unit":"","type":"LONG_SUM","data":{"points":[{"startEpochNanos":1744439249964000000,"epochNanos":1744439310030000000,"attributes":{"empty":true},"value":320}],"monotonic":true,"aggregationTemporality":"DELTA"}},{"name":"MappedFileStorage.totalPagesMapped","description":"MappedFileStorage.Page instances in operation at the moment","unit":"","type":"LONG_GAUGE","data":{"points":[{"startEpochNanos":1744439249964000000,"epochNanos":1744439310030000000,"attributes":{"empty":true},"value":14}]}},{"name":"FilePageCacheLockFree.totalPageAllocationsWaited","description":"","unit":"","type":"LONG_SUM","data":{"points":[{"startEpochNanos":1744439249964000000,"epochNanos":1744439310030000000,"attributes":{"empty":true},"value":0}],"monotonic":true,"aggregationTemporality":"DELTA"}},{"name":"FilePageCacheLockFree.totalNativeBytesReclaimed","description":"","unit":"","type":"LONG_SUM","data":{"points":[{"startEpochNanos":1744439249964000000,"epochNanos":1744439310030000000,"attributes":{"empty":true},"value":0}],"monotonic":true,"aggregationTemporality":"DELTA"}},{"name":"FilePageCacheLockFree.totalBytesRead","description":"","unit":"","type":"LONG_SUM","data":{"points":[{"startEpochNanos":1744439249964000000,"epochNanos":1744439310030000000,"attributes":{"empty":true},"value":0}],"monotonic":true,"aggregationTemporality":"DELTA"}},{"name":"StorageLockContext.competingThreads.90P","description":"","unit":"","type":"LONG_GAUGE","data":{"points":[{"startEpochNanos":1744439249964000000,"epochNanos":1744439310030000000,"attributes":{"empty":true},"value":0}]}},{"name":"FilePageCacheLockFree.totalBytesWritten","description":"","unit":"","type":"LONG_SUM","data":{"points":[{"startEpochNanos":1744439249964000000,"epochNanos":1744439310030000000,"attributes":{"empty":true},"value":0}],"monotonic":true,"aggregationTemporality":"DELTA"}},{"name":"FilePageCache.uncachedFileAccess","description":"","unit":"","type":"LONG_SUM","data":{"points":[{"startEpochNanos":1744439249964000000,"epochNanos":1744439310030000000,"attributes":{"empty":true},"value":1800}],"monotonic":true,"aggregationTemporality":"DELTA"}},{"name":"DirectByteBufferAllocator.totalSizeOfBuffersAllocatedInBytes","description":"","unit":"bytes","type":"LONG_GAUGE","data":{"points":[{"startEpochNanos":1744439249964000000,"epochNanos":1744439310030000000,"attributes":{"empty":true},"value":503316480}]}},{"name":"FilePageCacheLockFree.nativeBytesInUse","description":"","unit":"","type":"LONG_GAUGE","data":{"points":[{"startEpochNanos":1744439249964000000,"epochNanos":1744439310030000000,"attributes":{"empty":true},"value":0}]}},{"name":"FilePageCache.totalPageDisposalsUs","description":"","unit":"us","type":"LONG_SUM","data":{"points":[{"startEpochNanos":1744439249964000000,"epochNanos":1744439310030000000,"attributes":{"empty":true},"value":3193}],"monotonic":true,"aggregationTemporality":"DELTA"}},{"name":"FilePageCacheLockFree.totalClosedStoragesReclaimed","description":"","unit":"","type":"LONG_SUM","data":{"points":[{"startEpochNanos":1744439249964000000,"epochNanos":1744439310030000000,"attributes":{"empty":true},"value":0}],"monotonic":true,"aggregationTemporality":"DELTA"}},{"name":"FilePageCache.maxCacheSizeInBytes","description":"Max size of all cached pages observed since application start","unit":"bytes","type":"LONG_GAUGE","data":{"points":[{"startEpochNanos":1744439249964000000,"epochNanos":1744439310030000000,"attributes":{"empty":true},"value":502267904}]}},{"name":"StreamlinedBlobStorage.totalLiveRecordsCapacityBytes","description":"","unit":"","type":"LONG_SUM","data":{"points":[{"startEpochNanos":1744439249964000000,"epochNanos":1744439310030000000,"attributes":{"empty":false},"value":428985}],"monotonic":false,"aggregationTemporality":"DELTA"}},{"name":"StreamlinedBlobStorage.totalLiveRecordsPayloadBytes","description":"","unit":"","type":"LONG_SUM","data":{"points":[{"startEpochNanos":1744439249964000000,"epochNanos":1744439310030000000,"attributes":{"empty":false},"value":62342}],"monotonic":false,"aggregationTemporality":"DELTA"}},{"name":"FilePageCache.maxRegisteredFiles","description":"","unit":"","type":"LONG_GAUGE","data":{"points":[{"startEpochNanos":1744439249964000000,"epochNanos":1744439310030000000,"attributes":{"empty":true},"value":1416}]}},{"name":"FilePageCacheLockFree.totalNativeBytesAllocated","description":"","unit":"","type":"LONG_SUM","data":{"points":[{"startEpochNanos":1744439249964000000,"epochNanos":1744439310030000000,"attributes":{"empty":true},"value":0}],"monotonic":true,"aggregationTemporality":"DELTA"}},{"name":"FilePageCache.totalPageLoadsUs","description":"","unit":"us","type":"LONG_SUM","data":{"points":[{"startEpochNanos":1744439249964000000,"epochNanos":1744439310030000000,"attributes":{"empty":true},"value":703105}],"monotonic":true,"aggregationTemporality":"DELTA"}},{"name":"MappedFileStorage.storages","description":"MappedFileStorage instances in operation at the moment","unit":"","type":"LONG_GAUGE","data":{"points":[{"startEpochNanos":1744439249964000000,"epochNanos":1744439310030000000,"attributes":{"empty":true},"value":14}]}},{"name":"FilePageCacheLockFree.totalPagesRequested","description":"","unit":"","type":"LONG_SUM","data":{"points":[{"startEpochNanos":1744439249964000000,"epochNanos":1744439310030000000,"attributes":{"empty":true},"value":0}],"monotonic":true,"aggregationTemporality":"DELTA"}},{"name":"StreamlinedBlobStorage.recordsDeleted","description":"","unit":"","type":"LONG_SUM","data":{"points":[{"startEpochNanos":1744439249964000000,"epochNanos":1744439310030000000,"attributes":{"empty":false},"value":1}],"monotonic":true,"aggregationTemporality":"DELTA"}},{"name":"FilePageCacheLockFree.totalPagesAllocated","description":"","unit":"","type":"LONG_SUM","data":{"points":[{"startEpochNanos":1744439249964000000,"epochNanos":1744439310030000000,"attributes":{"empty":true},"value":0}],"monotonic":true,"aggregationTemporality":"DELTA"}},{"name":"JVM.usedNativeBytes","description":"","unit":"","type":"LONG_GAUGE","data":{"points":[{"startEpochNanos":1744439249964000000,"epochNanos":1744439310030000000,"attributes":{"empty":true},"value":299257752}]}},{"name":"JVM.threadCount","description":"","unit":"","type":"LONG_GAUGE","data":{"points":[{"startEpochNanos":1744439249964000000,"epochNanos":1744439310030000000,"attributes":{"empty":true},"value":90}]}},{"name":"JVM.totalTimeAtSafepointsMs","description":"","unit":"","type":"LONG_SUM","data":{"points":[{"startEpochNanos":1744439249964000000,"epochNanos":1744439310030000000,"attributes":{"empty":true},"value":265121}],"monotonic":true,"aggregationTemporality":"DELTA"}},{"name":"JVM.newThreadsCount","description":"","unit":"","type":"LONG_SUM","data":{"points":[{"startEpochNanos":1744439249964000000,"epochNanos":1744439310030000000,"attributes":{"empty":true},"value":121}],"monotonic":true,"aggregationTemporality":"DELTA"}},{"name":"JVM.totalBytesAllocated","description":"","unit":"","type":"LONG_SUM","data":{"points":[{"startEpochNanos":1744439249964000000,"epochNanos":1744439310030000000,"attributes":{"empty":true},"value":30399550760}],"monotonic":true,"aggregationTemporality":"DELTA"}},{"name":"OS.loadAverage","description":"","unit":"","type":"DOUBLE_GAUGE","data":{"points":[{"startEpochNanos":1744439249964000000,"epochNanos":1744439310030000000,"attributes":{"empty":true},"value":-1.0}]}},{"name":"JVM.maxHeapBytes","description":"","unit":"","type":"LONG_GAUGE","data":{"points":[{"startEpochNanos":1744439249964000000,"epochNanos":1744439310030000000,"attributes":{"empty":true},"value":2147483648}]}},{"name":"JVM.totalSafepointCount","description":"","unit":"","type":"LONG_SUM","data":{"points":[{"startEpochNanos":1744439249964000000,"epochNanos":1744439310030000000,"attributes":{"empty":true},"value":237}],"monotonic":true,"aggregationTemporality":"DELTA"}},{"name":"JVM.GC.collectionTimesMs","description":"","unit":"","type":"LONG_SUM","data":{"points":[{"startEpochNanos":1744439249964000000,"epochNanos":1744439310030000000,"attributes":{"empty":true},"value":2626}],"monotonic":true,"aggregationTemporality":"DELTA"}},{"name":"JVM.GC.collections","description":"","unit":"","type":"LONG_SUM","data":{"points":[{"startEpochNanos":1744439249964000000,"epochNanos":1744439310030000000,"attributes":{"empty":true},"value":81}],"monotonic":true,"aggregationTemporality":"DELTA"}},{"name":"JVM.totalCpuTimeMs","description":"","unit":"","type":"LONG_SUM","data":{"points":[{"startEpochNanos":1744439249964000000,"epochNanos":1744439310030000000,"attributes":{"empty":true},"value":227062}],"monotonic":true,"aggregationTemporality":"DELTA"}},{"name":"JVM.totalDirectByteBuffersBytes","description":"","unit":"","type":"LONG_GAUGE","data":{"points":[{"startEpochNanos":1744439249964000000,"epochNanos":1744439310030000000,"attributes":{"empty":true},"value":518453432}]}},{"name":"JVM.totalTimeToSafepointsMs","description":"","unit":"","type":"LONG_SUM","data":{"points":[{"startEpochNanos":1744439249964000000,"epochNanos":1744439310030000000,"attributes":{"empty":true},"value":5116}],"monotonic":true,"aggregationTemporality":"DELTA"}},{"name":"JVM.usedHeapBytes","description":"","unit":"","type":"LONG_GAUGE","data":{"points":[{"startEpochNanos":1744439249964000000,"epochNanos":1744439310030000000,"attributes":{"empty":true},"value":611687168}]}},{"name":"JVM.maxThreadCount","description":"","unit":"","type":"LONG_GAUGE","data":{"points":[{"startEpochNanos":1744439249964000000,"epochNanos":1744439310030000000,"attributes":{"empty":true},"value":91}]}},{"name":"workspaceModel.workspaceFileIndexData.markDirty.ms","description":"","unit":"","type":"LONG_SUM","data":{"points":[{"startEpochNanos":1744439249964000000,"epochNanos":1744439310030000000,"attributes":{"empty":true},"value":0}],"monotonic":true,"aggregationTemporality":"DELTA"}},{"name":"workspaceModel.workspaceFileIndexData.onEntitiesChanged.ms","description":"","unit":"","type":"LONG_SUM","data":{"points":[{"startEpochNanos":1744439249964000000,"epochNanos":1744439310030000000,"attributes":{"empty":true},"value":155}],"monotonic":true,"aggregationTemporality":"DELTA"}},{"name":"workspaceModel.pre.handlers.ms","description":"","unit":"","type":"LONG_SUM","data":{"points":[{"startEpochNanos":1744439249964000000,"epochNanos":1744439310030000000,"attributes":{"empty":true},"value":1}],"monotonic":true,"aggregationTemporality":"DELTA"}},{"name":"workspaceModel.full.replace.project.model.ms","description":"","unit":"","type":"LONG_SUM","data":{"points":[{"startEpochNanos":1744439249964000000,"epochNanos":1744439310030000000,"attributes":{"empty":true},"value":81}],"monotonic":true,"aggregationTemporality":"DELTA"}},{"name":"workspaceModel.to.snapshot.ms","description":"","unit":"","type":"LONG_SUM","data":{"points":[{"startEpochNanos":1744439249964000000,"epochNanos":1744439310030000000,"attributes":{"empty":true},"value":0}],"monotonic":true,"aggregationTemporality":"DELTA"}},{"name":"workspaceModel.workspaceFileIndexData.init.ms","description":"","unit":"","type":"LONG_SUM","data":{"points":[{"startEpochNanos":1744439249964000000,"epochNanos":1744439310030000000,"attributes":{"empty":true},"value":187}],"monotonic":true,"aggregationTemporality":"DELTA"}},{"name":"workspaceModel.workspaceFileIndexData.getPackageName.ms","description":"","unit":"","type":"LONG_SUM","data":{"points":[{"startEpochNanos":1744439249964000000,"epochNanos":1744439310030000000,"attributes":{"empty":true},"value":0}],"monotonic":true,"aggregationTemporality":"DELTA"}},{"name":"workspaceModel.cachedValue.calculated.count","description":"","unit":"","type":"LONG_SUM","data":{"points":[{"startEpochNanos":1744439249964000000,"epochNanos":1744439310030000000,"attributes":{"empty":true},"value":19}],"monotonic":true,"aggregationTemporality":"DELTA"}},{"name":"workspaceModel.replace.project.model.ms","description":"","unit":"","type":"LONG_SUM","data":{"points":[{"startEpochNanos":1744439249964000000,"epochNanos":1744439310030000000,"attributes":{"empty":true},"value":0}],"monotonic":true,"aggregationTemporality":"DELTA"}},{"name":"workspaceModel.workspaceFileIndexData.getDirectoriesByPackageName.ms","description":"","unit":"","type":"LONG_SUM","data":{"points":[{"startEpochNanos":1744439249964000000,"epochNanos":1744439310030000000,"attributes":{"empty":true},"value":0}],"monotonic":true,"aggregationTemporality":"DELTA"}},{"name":"workspaceModel.collect.changes.ms","description":"","unit":"","type":"LONG_SUM","data":{"points":[{"startEpochNanos":1744439249964000000,"epochNanos":1744439310030000000,"attributes":{"empty":true},"value":0}],"monotonic":true,"aggregationTemporality":"DELTA"}},{"name":"workspaceModel.workspaceFileIndexData.processFileSets.ms","description":"","unit":"","type":"LONG_SUM","data":{"points":[{"startEpochNanos":1744439249964000000,"epochNanos":1744439310030000000,"attributes":{"empty":true},"value":0}],"monotonic":true,"aggregationTemporality":"DELTA"}},{"name":"workspaceModel.workspaceFileIndexContributor.registerFileSets.ms","description":"","unit":"","type":"LONG_SUM","data":{"points":[{"startEpochNanos":1744439249964000000,"epochNanos":1744439310030000000,"attributes":{"empty":true},"value":522}],"monotonic":true,"aggregationTemporality":"DELTA"}},{"name":"workspaceModel.cachedValueWithParameters.total.get.count","description":"","unit":"","type":"LONG_SUM","data":{"points":[{"startEpochNanos":1744439249964000000,"epochNanos":1744439310030000000,"attributes":{"empty":true},"value":0}],"monotonic":true,"aggregationTemporality":"DELTA"}},{"name":"workspaceModel.initializing.ms","description":"","unit":"","type":"LONG_SUM","data":{"points":[{"startEpochNanos":1744439249964000000,"epochNanos":1744439310030000000,"attributes":{"empty":true},"value":0}],"monotonic":true,"aggregationTemporality":"DELTA"}},{"name":"workspaceModel.cachedValue.total.get.count","description":"","unit":"","type":"LONG_SUM","data":{"points":[{"startEpochNanos":1744439249964000000,"epochNanos":1744439310030000000,"attributes":{"empty":true},"value":86}],"monotonic":true,"aggregationTemporality":"DELTA"}},{"name":"workspaceModel.cachedValue.from.cache.count","description":"","unit":"","type":"LONG_SUM","data":{"points":[{"startEpochNanos":1744439249964000000,"epochNanos":1744439310030000000,"attributes":{"empty":true},"value":67}],"monotonic":true,"aggregationTemporality":"DELTA"}},{"name":"workspaceModel.updates.count","description":"","unit":"","type":"LONG_SUM","data":{"points":[{"startEpochNanos":1744439249964000000,"epochNanos":1744439310030000000,"attributes":{"empty":true},"value":3}],"monotonic":true,"aggregationTemporality":"DELTA"}},{"name":"workspaceModel.cachedValueWithParameters.clear.count","description":"","unit":"","type":"LONG_SUM","data":{"points":[{"startEpochNanos":1744439249964000000,"epochNanos":1744439310030000000,"attributes":{"empty":true},"value":0}],"monotonic":true,"aggregationTemporality":"DELTA"}},{"name":"workspaceModel.workspaceFileIndexData.visitFileSets.ms","description":"","unit":"","type":"LONG_SUM","data":{"points":[{"startEpochNanos":1744439249964000000,"epochNanos":1744439310030000000,"attributes":{"empty":true},"value":0}],"monotonic":true,"aggregationTemporality":"DELTA"}},{"name":"workspaceModel.workspaceFileIndexData.instances.count","description":"","unit":"","type":"LONG_SUM","data":{"points":[{"startEpochNanos":1744439249964000000,"epochNanos":1744439310030000000,"attributes":{"empty":true},"value":1}],"monotonic":true,"aggregationTemporality":"DELTA"}},{"name":"workspaceModel.updates.ms","description":"","unit":"","type":"LONG_SUM","data":{"points":[{"startEpochNanos":1744439249964000000,"epochNanos":1744439310030000000,"attributes":{"empty":true},"value":199}],"monotonic":true,"aggregationTemporality":"DELTA"}},{"name":"workspaceModel.cachedValueWithParameters.from.cache.count","description":"","unit":"","type":"LONG_SUM","data":{"points":[{"startEpochNanos":1744439249964000000,"epochNanos":1744439310030000000,"attributes":{"empty":true},"value":0}],"monotonic":true,"aggregationTemporality":"DELTA"}},{"name":"workspaceModel.init.bridges.ms","description":"","unit":"","type":"LONG_SUM","data":{"points":[{"startEpochNanos":1744439249964000000,"epochNanos":1744439310030000000,"attributes":{"empty":true},"value":2}],"monotonic":true,"aggregationTemporality":"DELTA"}},{"name":"workspaceModel.entityStorageSnapshotImpl.instances.count","description":"","unit":"","type":"LONG_SUM","data":{"points":[{"startEpochNanos":1744439249964000000,"epochNanos":1744439310030000000,"attributes":{"empty":true},"value":19}],"monotonic":true,"aggregationTemporality":"DELTA"}},{"name":"workspaceModel.workspaceFileIndexData.getFileInfo.ms","description":"","unit":"","type":"LONG_SUM","data":{"points":[{"startEpochNanos":1744439249964000000,"epochNanos":1744439310030000000,"attributes":{"empty":true},"value":449}],"monotonic":true,"aggregationTemporality":"DELTA"}},{"name":"workspaceModel.cachedValueWithParameters.calculated.count","description":"","unit":"","type":"LONG_SUM","data":{"points":[{"startEpochNanos":1744439249964000000,"epochNanos":1744439310030000000,"attributes":{"empty":true},"value":0}],"monotonic":true,"aggregationTemporality":"DELTA"}},{"name":"workspaceModel.updates.precise.ms","description":"","unit":"","type":"LONG_SUM","data":{"points":[{"startEpochNanos":1744439249964000000,"epochNanos":1744439310030000000,"attributes":{"empty":true},"value":6}],"monotonic":true,"aggregationTemporality":"DELTA"}},{"name":"workspaceModel.loading.total.ms","description":"","unit":"","type":"LONG_SUM","data":{"points":[{"startEpochNanos":1744439249964000000,"epochNanos":1744439310030000000,"attributes":{"empty":true},"value":56}],"monotonic":true,"aggregationTemporality":"DELTA"}},{"name":"workspaceModel.on.before.changed.ms","description":"","unit":"","type":"LONG_SUM","data":{"points":[{"startEpochNanos":1744439249964000000,"epochNanos":1744439310030000000,"attributes":{"empty":true},"value":49}],"monotonic":true,"aggregationTemporality":"DELTA"}},{"name":"workspaceModel.on.changed.ms","description":"","unit":"","type":"LONG_SUM","data":{"points":[{"startEpochNanos":1744439249964000000,"epochNanos":1744439310030000000,"attributes":{"empty":true},"value":62}],"monotonic":true,"aggregationTemporality":"DELTA"}},{"name":"workspaceModel.loading.from.cache.ms","description":"","unit":"","type":"LONG_SUM","data":{"points":[{"startEpochNanos":1744439249964000000,"epochNanos":1744439310030000000,"attributes":{"empty":true},"value":50}],"monotonic":true,"aggregationTemporality":"DELTA"}},{"name":"workspaceModel.cachedValue.clear.count","description":"","unit":"","type":"LONG_SUM","data":{"points":[{"startEpochNanos":1744439249964000000,"epochNanos":1744439310030000000,"attributes":{"empty":true},"value":3}],"monotonic":true,"aggregationTemporality":"DELTA"}},{"name":"workspaceModel.workspaceFileIndexData.updateDirtyEntities.ms","description":"","unit":"","type":"LONG_SUM","data":{"points":[{"startEpochNanos":1744439249964000000,"epochNanos":1744439310030000000,"attributes":{"empty":true},"value":0}],"monotonic":true,"aggregationTemporality":"DELTA"}},{"name":"workspaceModel.update.unloaded.entities.ms","description":"","unit":"","type":"LONG_SUM","data":{"points":[{"startEpochNanos":1744439249964000000,"epochNanos":1744439310030000000,"attributes":{"empty":true},"value":0}],"monotonic":true,"aggregationTemporality":"DELTA"}},{"name":"workspaceModel.check.recursive.update.ms","description":"","unit":"","type":"LONG_SUM","data":{"points":[{"startEpochNanos":1744439249964000000,"epochNanos":1744439310030000000,"attributes":{"empty":true},"value":1}],"monotonic":true,"aggregationTemporality":"DELTA"}}]