# OpenTelemetry Metrics report: .csv, 4 fields: 
# <metric name>, <period start, nanoseconds>, <period end, nanoseconds>, <metric value>
# See CsvMetricsExporter for details.
# 
# NAME, PERIOD_START_NANOS, PERIOD_END_NANOS, VALUE
FlushQueue.executionTime90PNs,1744439249964000000,1744439310012000000,0
FlushQueue.tasksExecuted,1744439249964000000,1744439310012000000,0
FlushQueue.waitingTime90PNs,1744439249964000000,1744439310012000000,0
WriteAction.executionsCount,1744439249964000000,1744439310012000000,39
FlushQueue.queueSizeMax,1744439249964000000,1744439310012000000,0
FlushQueue.waitingTimeAvgNs,1744439249964000000,1744439310012000000,0.0
AWTEventQueue.eventsDispatched,1744439249964000000,1744439310012000000,0
FlushQueue.waitingTimeMaxNs,1744439249964000000,1744439310012000000,0
FlushQueue.queueSize90P,1744439249964000000,1744439310012000000,0
NonBlockingReadAction.finalizedExecutionTimeUs,1744439249964000000,1744439310012000000,1528203
NonBlockingReadAction.finalizedExecutionsCount,1744439249964000000,1744439310012000000,170
AWTEventQueue.dispatchTimeTotalNS,1744439249964000000,1744439310012000000,23625353244
FlushQueue.executionTimeMaxNs,1744439249964000000,1744439310012000000,0
FlushQueue.executionTimeAvgNs,1744439249964000000,1744439310012000000,0.0
AWTEventQueue.dispatchTime90PNs,1744439249964000000,1744439310012000000,0
FlushQueue.queueSizeAvg,1744439249964000000,1744439310012000000,0.0
NonBlockingReadAction.failedExecutionsCount,1744439249964000000,1744439310012000000,6
ReadAction.executionsCount,1744439249964000000,1744439310012000000,109329
AWTEventQueue.dispatchTimeMaxNs,1744439249964000000,1744439310012000000,0
AWTEventQueue.dispatchTimeAvgNs,1744439249964000000,1744439310012000000,0.0
NonBlockingReadAction.failedExecutionTimeUs,1744439249964000000,1744439310012000000,1075426
Indexes.entries.lookupDurationAvgMs,1744439249964000000,1744439310012000000,0.0
IndexesFlusher.totalFlushingTimeUs,1744439249964000000,1744439310012000000,15674097
Indexing.writesQueuedMax,1744439249964000000,1744439310012000000,0
Indexes.entries.lookupDuration90PMs,1744439249964000000,1744439310012000000,0.0
Indexes.entries.lookups,1744439249964000000,1744439310012000000,6
Indexing.writesQueuedMin,1744439249964000000,1744439310012000000,9223372036854775807
Indexing.cache.totalCacheEvicted,1744439249964000000,1744439310012000000,578657
Indexing.writer_0.totalTimeSpentWritingMs,1744439249964000000,1744439310012000000,0
Indexes.stubs.lookupDurationMaxMs,1744439249964000000,1744439310012000000,0.0
Indexing.writer_3.totalTimeSpentWritingMs,1744439249964000000,1744439310012000000,0
Indexing.writer_1.totalTimeSpentWritingMs,1744439249964000000,1744439310012000000,0
Indexes.allKeys.lookups,1744439249964000000,1744439310012000000,0
Indexes.stubs.lookupDuration90PMs,1744439249964000000,1744439310012000000,0.0
IndexesFlusher.totalContentionQuotaSpent,1744439249964000000,1744439310012000000,171
Indexes.stubs.lookups,1744439249964000000,1744439310012000000,0
Indexing.writer_2.totalTimeSpentWritingMs,1744439249964000000,1744439310012000000,0
Indexes.allKeys.lookupDurationMaxMs,1744439249964000000,1744439310012000000,0.0
IndexesFlusher.totalFlushesRetried,1744439249964000000,1744439310012000000,3
Indexing.totalTimeIndexersSleptMs,1744439249964000000,1744439310012000000,0
Indexes.stubs.lookupDurationAvgMs,1744439249964000000,1744439310012000000,0.0
Indexes.allKeys.lookupDurationAvgMs,1744439249964000000,1744439310012000000,0.0
Indexing.cache.totalCacheMisses,1744439249964000000,1744439310012000000,719582
Indexing.cache.totalCacheAccesses,1744439249964000000,1744439310012000000,2178057
IndexesFlusher.totalFlushes,1744439249964000000,1744439310012000000,63
Indexes.allKeys.lookupDuration90PMs,1744439249964000000,1744439310012000000,0.0
Indexes.entries.lookupDurationMaxMs,1744439249964000000,1744439310012000000,0.0
DiskQueryRelay.tasksRequested,1744439249964000000,1744439310012000000,28888
parser.CSS.size.bytes,1744439249964000000,1744439310012000000,11274309
parser.ApacheConfig.time.ns,1744439249964000000,1744439310012000000,2324801
lexer.HTML.size.bytes,1744439249964000000,1744439310012000000,770707
lexer.BladeHTML.time.ns,1744439249964000000,1744439310012000000,33852601
DiskQueryRelay.tasksExecuted,1744439249964000000,1744439310012000000,28882
lexer.CSS.time.ns,1744439249964000000,1744439310012000000,2060623178
writeAction.wait.ms,1744439249964000000,1744439310012000000,99
parser.Ini.time.ns,1744439249964000000,1744439310012000000,886200
parser.CSS.time.ns,1744439249964000000,1744439310012000000,3233611234
lexer.XML.size.bytes,1744439249964000000,1744439310012000000,592
parser.Markdown.time.ns,1744439249964000000,1744439310012000000,14449999
parser.DotEnv.time.ns,1744439249964000000,1744439310012000000,28225500
parser.DotEnv.size.bytes,1744439249964000000,1744439310012000000,1812
parser.PHP.size.bytes,1744439249964000000,1744439310012000000,18517177
writeAction.max.wait.ms,1744439249964000000,1744439310012000000,33
parser.BladeHTML.time.ns,1744439249964000000,1744439310012000000,255788099
parser.ApacheConfig.size.bytes,1744439249964000000,1744439310012000000,1139
lexer.XML.time.ns,1744439249964000000,1744439310012000000,525900
DiskQueryRelay.taskWaitingTotalTimeUs,1744439249964000000,1744439310012000000,44413972
lexer.Ini.time.ns,1744439249964000000,1744439310012000000,97000
lexer.CSS.size.bytes,1744439249964000000,1744439310012000000,11274403
writeAction.median.wait.ms,1744439249964000000,1744439310012000000,0
lexer.ApacheConfig.size.bytes,1744439249964000000,1744439310012000000,1139
writeAction.count,1744439249964000000,1744439310012000000,39
lexer.ApacheConfig.time.ns,1744439249964000000,1744439310012000000,835899
lexer.Markdown.time.ns,1744439249964000000,1744439310012000000,6812298
lexer.Markdown.size.bytes,1744439249964000000,1744439310012000000,3070
parser.HTML.size.bytes,1744439249964000000,1744439310012000000,770707
DiskQueryRelay.taskExecutionTotalTimeUs,1744439249964000000,1744439310012000000,9560347
lexer.BladeHTML.size.bytes,1744439249964000000,1744439310012000000,132078
parser.HTML.time.ns,1744439249964000000,1744439310012000000,211361107
lexer.Ini.size.bytes,1744439249964000000,1744439310012000000,285
parser.XML.time.ns,1744439249964000000,1744439310012000000,9517700
parser.Markdown.size.bytes,1744439249964000000,1744439310012000000,3070
lexer.DotEnv.size.bytes,1744439249964000000,1744439310012000000,1812
parser.PHP.time.ns,1744439249964000000,1744439310012000000,2433674912
parser.Ini.size.bytes,1744439249964000000,1744439310012000000,285
lexer.DotEnv.time.ns,1744439249964000000,1744439310012000000,448000
parser.XML.size.bytes,1744439249964000000,1744439310012000000,592
lexer.PHP.size.bytes,1744439249964000000,1744439310012000000,18517177
lexer.HTML.time.ns,1744439249964000000,1744439310012000000,183420915
parser.BladeHTML.size.bytes,1744439249964000000,1744439310012000000,132078
lexer.PHP.time.ns,1744439249964000000,1744439310012000000,1838574429
VFS.fileByIdCache.hits,1744439249964000000,1744439310012000000,1
VFS.invertedFileNameIndex.requests,1744439249964000000,1744439310012000000,1
FileNameCache.totalMisses,1744439249964000000,1744439310012000000,1728
VFS.contentStorage.recordsStoredSize,1744439249964000000,1744439310012000000,123865
VFS.contentStorage.recordsUncompressedSize,1744439249964000000,1744439310012000000,625520
VFS.contentStorage.recordsReadDecompressed,1744439249964000000,1744439310012000000,7
VFS.contentStorage.recordsRead,1744439249964000000,1744439310012000000,24
VFS.contentStorage.recordsDeduplicated,1744439249964000000,1744439310012000000,3
VFS.contentStorage.recordsStored,1744439249964000000,1744439310012000000,8
VFS.contentStorage.recordsStoredCompressed,1744439249964000000,1744439310012000000,3
VFS.fileChildByName,1744439249964000000,1744439310012000000,20238
VFS.fileByIdCache.misses,1744439249964000000,1744439310012000000,6
FileNameCache.queries,1744439249964000000,1744439310012000000,7204864
VFS.contentStorage.recordsDecompressionTimeUs,1744439249964000000,1744439310012000000,31004
VFS.contentStorage.recordsReadSize,1744439249964000000,1744439310012000000,1618051
jps.load.project.to.empty.storage.ms,1744439249964000000,1744439310012000000,220
workspaceModel.do.save.caches.ms,1744439249964000000,1744439310012000000,197
workspaceModel.mutableEntityStorage.changeLog.addReplaceEventForRemovedParent.ms,1744439249964000000,1744439310012000000,0
jps.global.get.library.ms,1744439249964000000,1744439310012000000,0
workspaceModel.moduleManagerBridge.get.modules.ms,1744439249964000000,1744439310012000000,0
jps.facet.change.listener.process.change.events.ms,1744439249964000000,1744439310012000000,0
jps.save.global.entities.ms,1744439249964000000,1744439310012000000,8
workspaceModel.mutableEntityStorage.resolve.ms,1744439249964000000,1744439310012000000,0
jps.artifact.entities.serializer.load.entities.ms,1744439249964000000,1744439310012000000,0
workspaceModel.global.apply.state.to.project.ms,1744439249964000000,1744439310012000000,0
jps.facet.change.listener.before.change.events.ms,1744439249964000000,1744439310012000000,0
jps.app.storage.content.reader.load.component.ms,1744439249964000000,1744439310012000000,1
workspaceModel.mutableEntityStorage.changeLog.addReplaceEventForRemovedChild.ms,1744439249964000000,1744439310012000000,0
workspaceModel.mutableEntityStorage.to.snapshot.ms,1744439249964000000,1744439310012000000,6
jps.module.iml.entities.serializer.save.entities.ms,1744439249964000000,1744439310012000000,0
workspaceModel.mutableEntityStorage.mutable.ext.mapping.ms,1744439249964000000,1744439310012000000,1
workspaceModel.mutableEntityStorage.referrers.ms,1744439249964000000,1744439310012000000,0
jps.project.serializers.save.ms,1744439249964000000,1744439310012000000,2
jps.global.get.library.by.name.ms,1744439249964000000,1744439310012000000,0
workspaceModel.orphan.listener.update.ms,1744439249964000000,1744439310012000000,4
jps.storage.jps.conf.reader.load.component.ms,1744439249964000000,1744439310012000000,3
jps.apply.loaded.storage.ms,1744439249964000000,1744439310012000000,113
workspaceModel.moduleManagerBridge.newModule.ms,1744439249964000000,1744439310012000000,0
jps.app.storage.content.writer.save.component.ms,1744439249964000000,1744439310012000000,2
jps.global.initialize.library.bridges.ms,1744439249964000000,1744439310012000000,0
jps.facet.change.listener.init.bridge.ms,1744439249964000000,1744439310012000000,0
jps.library.entities.serializer.save.entities.ms,1744439249964000000,1744439310012000000,0
workspaceModel.mutableEntityStorage.remove.entity.ms,1744439249964000000,1744439310012000000,0
workspaceModel.save.cache.to.file.ms,1744439249964000000,1744439310012000000,163
jps.global.handle.before.change.events.ms,1744439249964000000,1744439310012000000,0
workspaceModel.moduleManagerBridge.build.module.graph.ms,1744439249964000000,1744439310012000000,2
workspaceModel.moduleManagerBridge.set.unloadedModules.ms,1744439249964000000,1744439310012000000,0
workspaceModel.global.updates.ms,1744439249964000000,1744439310012000000,0
workspaceModel.moduleManagerBridge.create.module.instance.ms,1744439249964000000,1744439310012000000,0
jps.reload.project.entities.ms,1744439249964000000,1744439310012000000,0
workspaceModel.delayed.project.synchronizer.sync.ms,1744439249964000000,1744439310012000000,0
jps.global.initialize.library.bridges.after.loading.ms,1744439249964000000,1744439310012000000,0
workspaceModel.sync.entities.ms,1744439249964000000,1744439310012000000,0
workspaceModel.moduleManagerBridge.load.module.ms,1744439249964000000,1744439310012000000,0
workspaceModel.mutableEntityStorage.changeLog.addReplaceEventForNewChild.ms,1744439249964000000,1744439310012000000,2
workspaceModel.mutableEntityStorage.changeLog.addReplaceEventForNewParent.ms,1744439249964000000,1744439310012000000,2
workspaceModel.moduleBridgeLoader.loading.modules.ms,1744439249964000000,1744439310012000000,582
jps.module.iml.entities.serializer.load.entities.ms,1744439249964000000,1744439310012000000,96
workspaceModel.mutableEntityStorage.entities.by.source.ms,1744439249964000000,1744439310012000000,0
workspaceModel.mutableEntityStorage.has.same.entities.ms,1744439249964000000,1744439310012000000,0
jps.global.handle.changed.events.ms,1744439249964000000,1744439310012000000,0
workspaceModel.mutableEntityStorage.collect.changes.ms,1744439249964000000,1744439310012000000,1
workspaceModel.load.cache.metadata.from.file.ms,1744439249964000000,1744439310012000000,0
jps.library.entities.serializer.load.entities.ms,1744439249964000000,1744439310012000000,0
workspaceModel.load.cache.from.file.ms,1744439249964000000,1744439310012000000,0
workspaceModel.global.updates.count,1744439249964000000,1744439310012000000,0
workspaceModel.mutableEntityStorage.add.entity.ms,1744439249964000000,1744439310012000000,108
workspaceModel.moduleManagerBridge.new.nonPersistent.module.ms,1744439249964000000,1744439310012000000,0
workspaceModel.mutableEntityStorage.put.entity.ms,1744439249964000000,1744439310012000000,27
workspaceModel.mutableEntityStorage.instances.count,1744439249964000000,1744439310012000000,30
jps.module.dependency.index.workspace.model.listener.on.changed.ms,1744439249964000000,1744439310012000000,1
workspaceModel.mutableEntityStorage.mutable.vfurl.index.ms,1744439249964000000,1744439310012000000,0
workspaceModel.moduleBridge.before.changed.ms,1744439249964000000,1744439310012000000,0
workspaceModel.mutableEntityStorage.modify.entity.ms,1744439249964000000,1744439310012000000,0
jps.load.initial.state.ms,1744439249964000000,1744439310012000000,10
workspaceModel.mutableEntityStorage.replace.by.source.ms,1744439249964000000,1744439310012000000,26
workspaceModel.moduleManagerBridge.load.all.modules.ms,1744439249964000000,1744439310012000000,24
workspaceModel.moduleBridge.update.option.ms,1744439249964000000,1744439310012000000,0
jps.global.get.libraries.ms,1744439249964000000,1744439310012000000,0
workspaceModel.global.apply.state.to.project.builder.ms,1744439249964000000,1744439310012000000,3
jps.project.serializers.load.ms,1744439249964000000,1744439310012000000,163
workspaceModel.moduleBridge.facet.initialization.ms,1744439249964000000,1744439310012000000,0
workspaceModel.mutableEntityStorage.entities.ms,1744439249964000000,1744439310012000000,0
jps.artifact.entities.serializer.save.entities.ms,1744439249964000000,1744439310012000000,0
workspaceModel.mutableEntityStorage.apply.changes.from.ms,1744439249964000000,1744439310012000000,33
jps.save.changed.project.entities.ms,1744439249964000000,1744439310012000000,2
cacheStateStorage.set.counter,1744439249964000000,1744439310012000000,10
cacheStateStorage.get.counter,1744439249964000000,1744439310012000000,9
cacheStateStorage.set.duration,1744439249964000000,1744439310012000000,11
cacheStateStorage.get.duration,1744439249964000000,1744439310012000000,110
FilePageCacheLockFree.housekeeperTurnsSkipped,1744439249964000000,1744439310012000000,0
FilePageCacheLockFree.totalHeapBytesReclaimed,1744439249964000000,1744439310012000000,0
FilePageCache.pageLoads,1744439249964000000,1744439310012000000,491
StreamlinedBlobStorage.recordsAllocated,1744439249964000000,1744439310012000000,6036
FilePageCacheLockFree.housekeeperTimeSpentMs,1744439249964000000,1744439310012000000,0
DirectByteBufferAllocator.misses,1744439249964000000,1744439310012000000,480
FilePageCacheLockFree.totalHeapBytesAllocated,1744439249964000000,1744439310012000000,0
StorageLockContext.competingThreads.max,1744439249964000000,1744439310012000000,0
FilePageCacheLockFree.totalPagesHandedOver,1744439249964000000,1744439310012000000,0
FilePageCacheLockFree.totalPagesWriteMs,1744439249964000000,1744439310012000000,0
MappedFileStorage.totalTimeSpentOnMappingUs,1744439249964000000,1744439310012000000,270075
FilePageCacheLockFree.housekeeperTurnsDone,1744439249964000000,1744439310012000000,0
FilePageCache.disposedBuffers,1744439249964000000,1744439310012000000,332
DirectByteBufferAllocator.reclaimed,1744439249964000000,1744439310012000000,332
FilePageCache.pageFastCacheHits,1744439249964000000,1744439310012000000,1069309
FilePageCache.pageHits,1744439249964000000,1744439310012000000,7
StorageLockContext.competingThreads.avg,1744439249964000000,1744439310012000000,0.0
DirectByteBufferAllocator.hits,1744439249964000000,1744439310012000000,331
MappedFileStorage.totalBytesMapped,1744439249964000000,1744439310012000000,194248704
FilePageCacheLockFree.totalPagesReclaimed,1744439249964000000,1744439310012000000,0
FilePageCacheLockFree.totalPagesReadMs,1744439249964000000,1744439310012000000,0
FilePageCache.capacityInBytes,1744439249964000000,1744439310012000000,503316478
FilePageCacheLockFree.totalBytesRequested,1744439249964000000,1744439310012000000,0
FilePageCacheLockFree.totalPagesRequestsMs,1744439249964000000,1744439310012000000,0
FilePageCacheLockFree.totalPagesWritten,1744439249964000000,1744439310012000000,0
FilePageCacheLockFree.heapBytesInUse,1744439249964000000,1744439310012000000,0
FileChannelInterruptsRetryer.totalRetriedAttempts,1744439249964000000,1744439310012000000,0
DirectByteBufferAllocator.disposed,1744439249964000000,1744439310012000000,0
StreamlinedBlobStorage.recordsRelocated,1744439249964000000,1744439310012000000,0
DirectByteBufferAllocator.totalSizeOfBuffersCachedInBytes,1744439249964000000,1744439310012000000,1048576
FilePageCache.pageLoadsAboveSizeThreshold,1744439249964000000,1744439310012000000,320
MappedFileStorage.totalPagesMapped,1744439249964000000,1744439310012000000,14
FilePageCacheLockFree.totalPageAllocationsWaited,1744439249964000000,1744439310012000000,0
FilePageCacheLockFree.totalNativeBytesReclaimed,1744439249964000000,1744439310012000000,0
FilePageCacheLockFree.totalBytesRead,1744439249964000000,1744439310012000000,0
StorageLockContext.competingThreads.90P,1744439249964000000,1744439310012000000,0
FilePageCacheLockFree.totalBytesWritten,1744439249964000000,1744439310012000000,0
FilePageCache.uncachedFileAccess,1744439249964000000,1744439310012000000,1800
DirectByteBufferAllocator.totalSizeOfBuffersAllocatedInBytes,1744439249964000000,1744439310012000000,503316480
FilePageCacheLockFree.nativeBytesInUse,1744439249964000000,1744439310012000000,0
FilePageCache.totalPageDisposalsUs,1744439249964000000,1744439310012000000,3193
FilePageCacheLockFree.totalClosedStoragesReclaimed,1744439249964000000,1744439310012000000,0
FilePageCache.maxCacheSizeInBytes,1744439249964000000,1744439310012000000,502267904
StreamlinedBlobStorage.totalLiveRecordsCapacityBytes,1744439249964000000,1744439310012000000,428985
StreamlinedBlobStorage.totalLiveRecordsPayloadBytes,1744439249964000000,1744439310012000000,62342
FilePageCache.maxRegisteredFiles,1744439249964000000,1744439310012000000,1416
FilePageCacheLockFree.totalNativeBytesAllocated,1744439249964000000,1744439310012000000,0
FilePageCache.totalPageLoadsUs,1744439249964000000,1744439310012000000,703105
MappedFileStorage.storages,1744439249964000000,1744439310012000000,14
FilePageCacheLockFree.totalPagesRequested,1744439249964000000,1744439310012000000,0
StreamlinedBlobStorage.recordsDeleted,1744439249964000000,1744439310012000000,1
FilePageCacheLockFree.totalPagesAllocated,1744439249964000000,1744439310012000000,0
JVM.usedNativeBytes,1744439249964000000,1744439310012000000,299189584
JVM.threadCount,1744439249964000000,1744439310012000000,90
JVM.totalTimeAtSafepointsMs,1744439249964000000,1744439310012000000,265121
JVM.newThreadsCount,1744439249964000000,1744439310012000000,121
JVM.totalBytesAllocated,1744439249964000000,1744439310012000000,30389513576
OS.loadAverage,1744439249964000000,1744439310012000000,-1.0
JVM.maxHeapBytes,1744439249964000000,1744439310012000000,2147483648
JVM.totalSafepointCount,1744439249964000000,1744439310012000000,237
JVM.GC.collectionTimesMs,1744439249964000000,1744439310012000000,2626
JVM.GC.collections,1744439249964000000,1744439310012000000,81
JVM.totalCpuTimeMs,1744439249964000000,1744439310012000000,226953
JVM.totalDirectByteBuffersBytes,1744439249964000000,1744439310012000000,518445240
JVM.totalTimeToSafepointsMs,1744439249964000000,1744439310012000000,5116
JVM.usedHeapBytes,1744439249964000000,1744439310012000000,600152832
JVM.maxThreadCount,1744439249964000000,1744439310012000000,91
workspaceModel.workspaceFileIndexData.markDirty.ms,1744439249964000000,1744439310012000000,0
workspaceModel.workspaceFileIndexData.onEntitiesChanged.ms,1744439249964000000,1744439310012000000,155
workspaceModel.pre.handlers.ms,1744439249964000000,1744439310012000000,1
workspaceModel.full.replace.project.model.ms,1744439249964000000,1744439310012000000,81
workspaceModel.to.snapshot.ms,1744439249964000000,1744439310012000000,0
workspaceModel.workspaceFileIndexData.init.ms,1744439249964000000,1744439310012000000,187
workspaceModel.workspaceFileIndexData.getPackageName.ms,1744439249964000000,1744439310012000000,0
workspaceModel.cachedValue.calculated.count,1744439249964000000,1744439310012000000,19
workspaceModel.replace.project.model.ms,1744439249964000000,1744439310012000000,0
workspaceModel.workspaceFileIndexData.getDirectoriesByPackageName.ms,1744439249964000000,1744439310012000000,0
workspaceModel.collect.changes.ms,1744439249964000000,1744439310012000000,0
workspaceModel.workspaceFileIndexData.processFileSets.ms,1744439249964000000,1744439310012000000,0
workspaceModel.workspaceFileIndexContributor.registerFileSets.ms,1744439249964000000,1744439310012000000,522
workspaceModel.cachedValueWithParameters.total.get.count,1744439249964000000,1744439310012000000,0
workspaceModel.initializing.ms,1744439249964000000,1744439310012000000,0
workspaceModel.cachedValue.total.get.count,1744439249964000000,1744439310012000000,86
workspaceModel.cachedValue.from.cache.count,1744439249964000000,1744439310012000000,67
workspaceModel.updates.count,1744439249964000000,1744439310012000000,3
workspaceModel.cachedValueWithParameters.clear.count,1744439249964000000,1744439310012000000,0
workspaceModel.workspaceFileIndexData.visitFileSets.ms,1744439249964000000,1744439310012000000,0
workspaceModel.workspaceFileIndexData.instances.count,1744439249964000000,1744439310012000000,1
workspaceModel.updates.ms,1744439249964000000,1744439310012000000,199
workspaceModel.cachedValueWithParameters.from.cache.count,1744439249964000000,1744439310012000000,0
workspaceModel.init.bridges.ms,1744439249964000000,1744439310012000000,2
workspaceModel.entityStorageSnapshotImpl.instances.count,1744439249964000000,1744439310012000000,19
workspaceModel.workspaceFileIndexData.getFileInfo.ms,1744439249964000000,1744439310012000000,449
workspaceModel.cachedValueWithParameters.calculated.count,1744439249964000000,1744439310012000000,0
workspaceModel.updates.precise.ms,1744439249964000000,1744439310012000000,6
workspaceModel.loading.total.ms,1744439249964000000,1744439310012000000,56
workspaceModel.on.before.changed.ms,1744439249964000000,1744439310012000000,49
workspaceModel.on.changed.ms,1744439249964000000,1744439310012000000,62
workspaceModel.loading.from.cache.ms,1744439249964000000,1744439310012000000,50
workspaceModel.cachedValue.clear.count,1744439249964000000,1744439310012000000,3
workspaceModel.workspaceFileIndexData.updateDirtyEntities.ms,1744439249964000000,1744439310012000000,0
workspaceModel.update.unloaded.entities.ms,1744439249964000000,1744439310012000000,0
workspaceModel.check.recursive.update.ms,1744439249964000000,1744439310012000000,1
FlushQueue.executionTime90PNs,1744439310012000000,1744439370055000000,0
FlushQueue.tasksExecuted,1744439310012000000,1744439370055000000,0
FlushQueue.waitingTime90PNs,1744439310012000000,1744439370055000000,0
WriteAction.executionsCount,1744439310012000000,1744439370055000000,0
FlushQueue.queueSizeMax,1744439310012000000,1744439370055000000,0
FlushQueue.waitingTimeAvgNs,1744439310012000000,1744439370055000000,0.0
AWTEventQueue.eventsDispatched,1744439310012000000,1744439370055000000,0
FlushQueue.waitingTimeMaxNs,1744439310012000000,1744439370055000000,0
FlushQueue.queueSize90P,1744439310012000000,1744439370055000000,0
NonBlockingReadAction.finalizedExecutionTimeUs,1744439310012000000,1744439370055000000,0
NonBlockingReadAction.finalizedExecutionsCount,1744439310012000000,1744439370055000000,0
AWTEventQueue.dispatchTimeTotalNS,1744439310012000000,1744439370055000000,6018999
FlushQueue.executionTimeMaxNs,1744439310012000000,1744439370055000000,0
FlushQueue.executionTimeAvgNs,1744439310012000000,1744439370055000000,0.0
AWTEventQueue.dispatchTime90PNs,1744439310012000000,1744439370055000000,0
FlushQueue.queueSizeAvg,1744439310012000000,1744439370055000000,0.0
NonBlockingReadAction.failedExecutionsCount,1744439310012000000,1744439370055000000,0
ReadAction.executionsCount,1744439310012000000,1744439370055000000,19784
AWTEventQueue.dispatchTimeMaxNs,1744439310012000000,1744439370055000000,0
AWTEventQueue.dispatchTimeAvgNs,1744439310012000000,1744439370055000000,0.0
NonBlockingReadAction.failedExecutionTimeUs,1744439310012000000,1744439370055000000,0
Indexes.entries.lookupDurationAvgMs,1744439310012000000,1744439370055000000,0.0
IndexesFlusher.totalFlushingTimeUs,1744439310012000000,1744439370055000000,23097704
Indexing.writesQueuedMax,1744439310012000000,1744439370055000000,0
Indexes.entries.lookupDuration90PMs,1744439310012000000,1744439370055000000,0.0
Indexes.entries.lookups,1744439310012000000,1744439370055000000,0
Indexing.writesQueuedMin,1744439310012000000,1744439370055000000,9223372036854775807
Indexing.cache.totalCacheEvicted,1744439310012000000,1744439370055000000,1344492
Indexing.writer_0.totalTimeSpentWritingMs,1744439310012000000,1744439370055000000,0
Indexes.stubs.lookupDurationMaxMs,1744439310012000000,1744439370055000000,0.0
Indexing.writer_3.totalTimeSpentWritingMs,1744439310012000000,1744439370055000000,0
Indexing.writer_1.totalTimeSpentWritingMs,1744439310012000000,1744439370055000000,0
Indexes.allKeys.lookups,1744439310012000000,1744439370055000000,0
Indexes.stubs.lookupDuration90PMs,1744439310012000000,1744439370055000000,0.0
IndexesFlusher.totalContentionQuotaSpent,1744439310012000000,1744439370055000000,541
Indexes.stubs.lookups,1744439310012000000,1744439370055000000,0
Indexing.writer_2.totalTimeSpentWritingMs,1744439310012000000,1744439370055000000,0
Indexes.allKeys.lookupDurationMaxMs,1744439310012000000,1744439370055000000,0.0
IndexesFlusher.totalFlushesRetried,1744439310012000000,1744439370055000000,5
Indexing.totalTimeIndexersSleptMs,1744439310012000000,1744439370055000000,0
Indexes.stubs.lookupDurationAvgMs,1744439310012000000,1744439370055000000,0.0
Indexes.allKeys.lookupDurationAvgMs,1744439310012000000,1744439370055000000,0.0
Indexing.cache.totalCacheMisses,1744439310012000000,1744439370055000000,1401476
Indexing.cache.totalCacheAccesses,1744439310012000000,1744439370055000000,6216042
IndexesFlusher.totalFlushes,1744439310012000000,1744439370055000000,63
Indexes.allKeys.lookupDuration90PMs,1744439310012000000,1744439370055000000,0.0
Indexes.entries.lookupDurationMaxMs,1744439310012000000,1744439370055000000,0.0
DiskQueryRelay.tasksRequested,1744439310012000000,1744439370055000000,10479
parser.CSS.size.bytes,1744439310012000000,1744439370055000000,9707294
parser.ApacheConfig.time.ns,1744439310012000000,1744439370055000000,106101
lexer.HTML.size.bytes,1744439310012000000,1744439370055000000,103684
lexer.BladeHTML.time.ns,1744439310012000000,1744439370055000000,146432508
parser.Makefile.time.ns,1744439310012000000,1744439370055000000,18470200
DiskQueryRelay.tasksExecuted,1744439310012000000,1744439370055000000,10479
lexer.CSS.time.ns,1744439310012000000,1744439370055000000,1872126858
writeAction.wait.ms,1744439310012000000,1744439370055000000,0
parser.CSS.time.ns,1744439310012000000,1744439370055000000,3853981095
parser.Markdown.time.ns,1744439310012000000,1744439370055000000,2064772837
parser.PHP.size.bytes,1744439310012000000,1744439370055000000,59215412
writeAction.max.wait.ms,1744439310012000000,1744439370055000000,33
parser.BladeHTML.time.ns,1744439310012000000,1744439370055000000,164122103
parser.ApacheConfig.size.bytes,1744439310012000000,1744439370055000000,56
DiskQueryRelay.taskWaitingTotalTimeUs,1744439310012000000,1744439370055000000,53246501
lexer.CSS.size.bytes,1744439310012000000,1744439370055000000,9707200
writeAction.median.wait.ms,1744439310012000000,1744439370055000000,0
lexer.ApacheConfig.size.bytes,1744439310012000000,1744439370055000000,56
writeAction.count,1744439310012000000,1744439370055000000,0
parser.Makefile.size.bytes,1744439310012000000,1744439370055000000,1512
lexer.Makefile.size.bytes,1744439310012000000,1744439370055000000,1512
lexer.ApacheConfig.time.ns,1744439310012000000,1744439370055000000,32900
lexer.Markdown.time.ns,1744439310012000000,1744439370055000000,869497968
lexer.Markdown.size.bytes,1744439310012000000,1744439370055000000,1712494
parser.HTML.size.bytes,1744439310012000000,1744439370055000000,103684
DiskQueryRelay.taskExecutionTotalTimeUs,1744439310012000000,1744439370055000000,6020793
lexer.BladeHTML.size.bytes,1744439310012000000,1744439370055000000,437669
parser.HTML.time.ns,1744439310012000000,1744439370055000000,172472945
parser.Markdown.size.bytes,1744439310012000000,1744439370055000000,1712494
parser.PHP.time.ns,1744439310012000000,1744439370055000000,58354753906
lexer.PHP.size.bytes,1744439310012000000,1744439370055000000,59215412
lexer.HTML.time.ns,1744439310012000000,1744439370055000000,119401722
parser.BladeHTML.size.bytes,1744439310012000000,1744439370055000000,437669
lexer.PHP.time.ns,1744439310012000000,1744439370055000000,6748653353
lexer.Makefile.time.ns,1744439310012000000,1744439370055000000,208199
VFS.fileByIdCache.hits,1744439310012000000,1744439370055000000,0
VFS.invertedFileNameIndex.requests,1744439310012000000,1744439370055000000,0
FileNameCache.totalMisses,1744439310012000000,1744439370055000000,256
VFS.contentStorage.recordsStoredSize,1744439310012000000,1744439370055000000,0
VFS.contentStorage.recordsUncompressedSize,1744439310012000000,1744439370055000000,0
VFS.contentStorage.recordsReadDecompressed,1744439310012000000,1744439370055000000,2
VFS.contentStorage.recordsRead,1744439310012000000,1744439370055000000,5
VFS.contentStorage.recordsDeduplicated,1744439310012000000,1744439370055000000,0
VFS.contentStorage.recordsStored,1744439310012000000,1744439370055000000,0
VFS.contentStorage.recordsStoredCompressed,1744439310012000000,1744439370055000000,0
VFS.fileChildByName,1744439310012000000,1744439370055000000,38
VFS.fileByIdCache.misses,1744439310012000000,1744439370055000000,0
FileNameCache.queries,1744439310012000000,1744439370055000000,20939904
VFS.contentStorage.recordsDecompressionTimeUs,1744439310012000000,1744439370055000000,1321
VFS.contentStorage.recordsReadSize,1744439310012000000,1744439370055000000,267636
jps.load.project.to.empty.storage.ms,1744439310012000000,1744439370055000000,0
workspaceModel.do.save.caches.ms,1744439310012000000,1744439370055000000,0
workspaceModel.mutableEntityStorage.changeLog.addReplaceEventForRemovedParent.ms,1744439310012000000,1744439370055000000,0
jps.global.get.library.ms,1744439310012000000,1744439370055000000,0
workspaceModel.moduleManagerBridge.get.modules.ms,1744439310012000000,1744439370055000000,0
jps.facet.change.listener.process.change.events.ms,1744439310012000000,1744439370055000000,0
jps.save.global.entities.ms,1744439310012000000,1744439370055000000,0
workspaceModel.mutableEntityStorage.resolve.ms,1744439310012000000,1744439370055000000,0
jps.artifact.entities.serializer.load.entities.ms,1744439310012000000,1744439370055000000,0
workspaceModel.global.apply.state.to.project.ms,1744439310012000000,1744439370055000000,0
jps.facet.change.listener.before.change.events.ms,1744439310012000000,1744439370055000000,0
jps.app.storage.content.reader.load.component.ms,1744439310012000000,1744439370055000000,0
workspaceModel.mutableEntityStorage.changeLog.addReplaceEventForRemovedChild.ms,1744439310012000000,1744439370055000000,0
workspaceModel.mutableEntityStorage.to.snapshot.ms,1744439310012000000,1744439370055000000,0
jps.module.iml.entities.serializer.save.entities.ms,1744439310012000000,1744439370055000000,0
workspaceModel.mutableEntityStorage.mutable.ext.mapping.ms,1744439310012000000,1744439370055000000,0
workspaceModel.mutableEntityStorage.referrers.ms,1744439310012000000,1744439370055000000,0
jps.project.serializers.save.ms,1744439310012000000,1744439370055000000,0
jps.global.get.library.by.name.ms,1744439310012000000,1744439370055000000,0
workspaceModel.orphan.listener.update.ms,1744439310012000000,1744439370055000000,0
jps.storage.jps.conf.reader.load.component.ms,1744439310012000000,1744439370055000000,0
jps.apply.loaded.storage.ms,1744439310012000000,1744439370055000000,0
workspaceModel.moduleManagerBridge.newModule.ms,1744439310012000000,1744439370055000000,0
jps.app.storage.content.writer.save.component.ms,1744439310012000000,1744439370055000000,0
jps.global.initialize.library.bridges.ms,1744439310012000000,1744439370055000000,0
jps.facet.change.listener.init.bridge.ms,1744439310012000000,1744439370055000000,0
jps.library.entities.serializer.save.entities.ms,1744439310012000000,1744439370055000000,0
workspaceModel.mutableEntityStorage.remove.entity.ms,1744439310012000000,1744439370055000000,0
workspaceModel.save.cache.to.file.ms,1744439310012000000,1744439370055000000,0
jps.global.handle.before.change.events.ms,1744439310012000000,1744439370055000000,0
workspaceModel.moduleManagerBridge.build.module.graph.ms,1744439310012000000,1744439370055000000,0
workspaceModel.moduleManagerBridge.set.unloadedModules.ms,1744439310012000000,1744439370055000000,0
workspaceModel.global.updates.ms,1744439310012000000,1744439370055000000,0
workspaceModel.moduleManagerBridge.create.module.instance.ms,1744439310012000000,1744439370055000000,0
jps.reload.project.entities.ms,1744439310012000000,1744439370055000000,0
workspaceModel.delayed.project.synchronizer.sync.ms,1744439310012000000,1744439370055000000,0
jps.global.initialize.library.bridges.after.loading.ms,1744439310012000000,1744439370055000000,0
workspaceModel.sync.entities.ms,1744439310012000000,1744439370055000000,0
workspaceModel.moduleManagerBridge.load.module.ms,1744439310012000000,1744439370055000000,0
workspaceModel.mutableEntityStorage.changeLog.addReplaceEventForNewChild.ms,1744439310012000000,1744439370055000000,0
workspaceModel.mutableEntityStorage.changeLog.addReplaceEventForNewParent.ms,1744439310012000000,1744439370055000000,0
workspaceModel.moduleBridgeLoader.loading.modules.ms,1744439310012000000,1744439370055000000,0
jps.module.iml.entities.serializer.load.entities.ms,1744439310012000000,1744439370055000000,0
workspaceModel.mutableEntityStorage.entities.by.source.ms,1744439310012000000,1744439370055000000,0
workspaceModel.mutableEntityStorage.has.same.entities.ms,1744439310012000000,1744439370055000000,0
jps.global.handle.changed.events.ms,1744439310012000000,1744439370055000000,0
workspaceModel.mutableEntityStorage.collect.changes.ms,1744439310012000000,1744439370055000000,0
workspaceModel.load.cache.metadata.from.file.ms,1744439310012000000,1744439370055000000,0
jps.library.entities.serializer.load.entities.ms,1744439310012000000,1744439370055000000,0
workspaceModel.load.cache.from.file.ms,1744439310012000000,1744439370055000000,0
workspaceModel.global.updates.count,1744439310012000000,1744439370055000000,0
workspaceModel.mutableEntityStorage.add.entity.ms,1744439310012000000,1744439370055000000,0
workspaceModel.moduleManagerBridge.new.nonPersistent.module.ms,1744439310012000000,1744439370055000000,0
workspaceModel.mutableEntityStorage.put.entity.ms,1744439310012000000,1744439370055000000,0
workspaceModel.mutableEntityStorage.instances.count,1744439310012000000,1744439370055000000,0
jps.module.dependency.index.workspace.model.listener.on.changed.ms,1744439310012000000,1744439370055000000,0
workspaceModel.mutableEntityStorage.mutable.vfurl.index.ms,1744439310012000000,1744439370055000000,0
workspaceModel.moduleBridge.before.changed.ms,1744439310012000000,1744439370055000000,0
workspaceModel.mutableEntityStorage.modify.entity.ms,1744439310012000000,1744439370055000000,0
jps.load.initial.state.ms,1744439310012000000,1744439370055000000,0
workspaceModel.mutableEntityStorage.replace.by.source.ms,1744439310012000000,1744439370055000000,0
workspaceModel.moduleManagerBridge.load.all.modules.ms,1744439310012000000,1744439370055000000,0
workspaceModel.moduleBridge.update.option.ms,1744439310012000000,1744439370055000000,0
jps.global.get.libraries.ms,1744439310012000000,1744439370055000000,0
workspaceModel.global.apply.state.to.project.builder.ms,1744439310012000000,1744439370055000000,0
jps.project.serializers.load.ms,1744439310012000000,1744439370055000000,0
workspaceModel.moduleBridge.facet.initialization.ms,1744439310012000000,1744439370055000000,0
workspaceModel.mutableEntityStorage.entities.ms,1744439310012000000,1744439370055000000,0
jps.artifact.entities.serializer.save.entities.ms,1744439310012000000,1744439370055000000,0
workspaceModel.mutableEntityStorage.apply.changes.from.ms,1744439310012000000,1744439370055000000,0
jps.save.changed.project.entities.ms,1744439310012000000,1744439370055000000,0
cacheStateStorage.set.counter,1744439310012000000,1744439370055000000,0
cacheStateStorage.get.counter,1744439310012000000,1744439370055000000,0
cacheStateStorage.set.duration,1744439310012000000,1744439370055000000,0
cacheStateStorage.get.duration,1744439310012000000,1744439370055000000,0
FilePageCacheLockFree.housekeeperTurnsSkipped,1744439310012000000,1744439370055000000,0
FilePageCacheLockFree.totalHeapBytesReclaimed,1744439310012000000,1744439370055000000,0
FilePageCache.pageLoads,1744439310012000000,1744439370055000000,0
StreamlinedBlobStorage.recordsAllocated,1744439310012000000,1744439370055000000,0
FilePageCacheLockFree.housekeeperTimeSpentMs,1744439310012000000,1744439370055000000,0
DirectByteBufferAllocator.misses,1744439310012000000,1744439370055000000,0
FilePageCacheLockFree.totalHeapBytesAllocated,1744439310012000000,1744439370055000000,0
StorageLockContext.competingThreads.max,1744439310012000000,1744439370055000000,0
FilePageCacheLockFree.totalPagesHandedOver,1744439310012000000,1744439370055000000,0
FilePageCacheLockFree.totalPagesWriteMs,1744439310012000000,1744439370055000000,0
MappedFileStorage.totalTimeSpentOnMappingUs,1744439310012000000,1744439370055000000,270075
FilePageCacheLockFree.housekeeperTurnsDone,1744439310012000000,1744439370055000000,0
FilePageCache.disposedBuffers,1744439310012000000,1744439370055000000,145
DirectByteBufferAllocator.reclaimed,1744439310012000000,1744439370055000000,145
FilePageCache.pageFastCacheHits,1744439310012000000,1744439370055000000,2434362
FilePageCache.pageHits,1744439310012000000,1744439370055000000,505442
StorageLockContext.competingThreads.avg,1744439310012000000,1744439370055000000,0.0
DirectByteBufferAllocator.hits,1744439310012000000,1744439370055000000,145
MappedFileStorage.totalBytesMapped,1744439310012000000,1744439370055000000,194248704
FilePageCacheLockFree.totalPagesReclaimed,1744439310012000000,1744439370055000000,0
FilePageCacheLockFree.totalPagesReadMs,1744439310012000000,1744439370055000000,0
FilePageCache.capacityInBytes,1744439310012000000,1744439370055000000,503316478
FilePageCacheLockFree.totalBytesRequested,1744439310012000000,1744439370055000000,0
FilePageCacheLockFree.totalPagesRequestsMs,1744439310012000000,1744439370055000000,0
FilePageCacheLockFree.totalPagesWritten,1744439310012000000,1744439370055000000,0
FilePageCacheLockFree.heapBytesInUse,1744439310012000000,1744439370055000000,0
FileChannelInterruptsRetryer.totalRetriedAttempts,1744439310012000000,1744439370055000000,0
DirectByteBufferAllocator.disposed,1744439310012000000,1744439370055000000,0
StreamlinedBlobStorage.recordsRelocated,1744439310012000000,1744439370055000000,0
DirectByteBufferAllocator.totalSizeOfBuffersCachedInBytes,1744439310012000000,1744439370055000000,1048576
FilePageCache.pageLoadsAboveSizeThreshold,1744439310012000000,1744439370055000000,145
MappedFileStorage.totalPagesMapped,1744439310012000000,1744439370055000000,14
FilePageCacheLockFree.totalPageAllocationsWaited,1744439310012000000,1744439370055000000,0
FilePageCacheLockFree.totalNativeBytesReclaimed,1744439310012000000,1744439370055000000,0
FilePageCacheLockFree.totalBytesRead,1744439310012000000,1744439370055000000,0
StorageLockContext.competingThreads.90P,1744439310012000000,1744439370055000000,0
FilePageCacheLockFree.totalBytesWritten,1744439310012000000,1744439370055000000,0
FilePageCache.uncachedFileAccess,1744439310012000000,1744439370055000000,981
DirectByteBufferAllocator.totalSizeOfBuffersAllocatedInBytes,1744439310012000000,1744439370055000000,503316480
FilePageCacheLockFree.nativeBytesInUse,1744439310012000000,1744439370055000000,0
FilePageCache.totalPageDisposalsUs,1744439310012000000,1744439370055000000,160
FilePageCacheLockFree.totalClosedStoragesReclaimed,1744439310012000000,1744439370055000000,0
FilePageCache.maxCacheSizeInBytes,1744439310012000000,1744439370055000000,502267904
StreamlinedBlobStorage.totalLiveRecordsCapacityBytes,1744439310012000000,1744439370055000000,0
StreamlinedBlobStorage.totalLiveRecordsPayloadBytes,1744439310012000000,1744439370055000000,0
FilePageCache.maxRegisteredFiles,1744439310012000000,1744439370055000000,1416
FilePageCacheLockFree.totalNativeBytesAllocated,1744439310012000000,1744439370055000000,0
FilePageCache.totalPageLoadsUs,1744439310012000000,1744439370055000000,53428
MappedFileStorage.storages,1744439310012000000,1744439370055000000,14
FilePageCacheLockFree.totalPagesRequested,1744439310012000000,1744439370055000000,0
StreamlinedBlobStorage.recordsDeleted,1744439310012000000,1744439370055000000,0
FilePageCacheLockFree.totalPagesAllocated,1744439310012000000,1744439370055000000,0
JVM.usedNativeBytes,1744439310012000000,1744439370055000000,294568152
JVM.threadCount,1744439310012000000,1744439370055000000,76
JVM.totalTimeAtSafepointsMs,1744439310012000000,1744439370055000000,178979
JVM.newThreadsCount,1744439310012000000,1744439370055000000,3
JVM.totalBytesAllocated,1744439310012000000,1744439370055000000,35072078528
OS.loadAverage,1744439310012000000,1744439370055000000,-1.0
JVM.maxHeapBytes,1744439310012000000,1744439370055000000,2147483648
JVM.totalSafepointCount,1744439310012000000,1744439370055000000,90
JVM.GC.collectionTimesMs,1744439310012000000,1744439370055000000,1777
JVM.GC.collections,1744439310012000000,1744439370055000000,53
JVM.totalCpuTimeMs,1744439310012000000,1744439370055000000,325812
JVM.totalDirectByteBuffersBytes,1744439310012000000,1744439370055000000,517006352
JVM.totalTimeToSafepointsMs,1744439310012000000,1744439370055000000,5926
JVM.usedHeapBytes,1744439310012000000,1744439370055000000,745069568
JVM.maxThreadCount,1744439310012000000,1744439370055000000,92
workspaceModel.workspaceFileIndexData.markDirty.ms,1744439310012000000,1744439370055000000,0
workspaceModel.workspaceFileIndexData.onEntitiesChanged.ms,1744439310012000000,1744439370055000000,0
workspaceModel.pre.handlers.ms,1744439310012000000,1744439370055000000,0
workspaceModel.full.replace.project.model.ms,1744439310012000000,1744439370055000000,0
workspaceModel.to.snapshot.ms,1744439310012000000,1744439370055000000,0
workspaceModel.workspaceFileIndexData.init.ms,1744439310012000000,1744439370055000000,0
workspaceModel.workspaceFileIndexData.getPackageName.ms,1744439310012000000,1744439370055000000,0
workspaceModel.cachedValue.calculated.count,1744439310012000000,1744439370055000000,0
workspaceModel.replace.project.model.ms,1744439310012000000,1744439370055000000,0
workspaceModel.workspaceFileIndexData.getDirectoriesByPackageName.ms,1744439310012000000,1744439370055000000,0
workspaceModel.collect.changes.ms,1744439310012000000,1744439370055000000,0
workspaceModel.workspaceFileIndexData.processFileSets.ms,1744439310012000000,1744439370055000000,0
workspaceModel.workspaceFileIndexContributor.registerFileSets.ms,1744439310012000000,1744439370055000000,0
workspaceModel.cachedValueWithParameters.total.get.count,1744439310012000000,1744439370055000000,0
workspaceModel.initializing.ms,1744439310012000000,1744439370055000000,0
workspaceModel.cachedValue.total.get.count,1744439310012000000,1744439370055000000,0
workspaceModel.cachedValue.from.cache.count,1744439310012000000,1744439370055000000,0
workspaceModel.updates.count,1744439310012000000,1744439370055000000,0
workspaceModel.cachedValueWithParameters.clear.count,1744439310012000000,1744439370055000000,0
workspaceModel.workspaceFileIndexData.visitFileSets.ms,1744439310012000000,1744439370055000000,0
workspaceModel.workspaceFileIndexData.instances.count,1744439310012000000,1744439370055000000,0
workspaceModel.updates.ms,1744439310012000000,1744439370055000000,0
workspaceModel.cachedValueWithParameters.from.cache.count,1744439310012000000,1744439370055000000,0
workspaceModel.init.bridges.ms,1744439310012000000,1744439370055000000,0
workspaceModel.entityStorageSnapshotImpl.instances.count,1744439310012000000,1744439370055000000,0
workspaceModel.workspaceFileIndexData.getFileInfo.ms,1744439310012000000,1744439370055000000,283
workspaceModel.cachedValueWithParameters.calculated.count,1744439310012000000,1744439370055000000,0
workspaceModel.updates.precise.ms,1744439310012000000,1744439370055000000,0
workspaceModel.loading.total.ms,1744439310012000000,1744439370055000000,0
workspaceModel.on.before.changed.ms,1744439310012000000,1744439370055000000,0
workspaceModel.on.changed.ms,1744439310012000000,1744439370055000000,0
workspaceModel.loading.from.cache.ms,1744439310012000000,1744439370055000000,0
workspaceModel.cachedValue.clear.count,1744439310012000000,1744439370055000000,0
workspaceModel.workspaceFileIndexData.updateDirtyEntities.ms,1744439310012000000,1744439370055000000,0
workspaceModel.update.unloaded.entities.ms,1744439310012000000,1744439370055000000,0
workspaceModel.check.recursive.update.ms,1744439310012000000,1744439370055000000,0
FlushQueue.executionTime90PNs,1744439370055000000,1744439429808000000,0
FlushQueue.tasksExecuted,1744439370055000000,1744439429808000000,0
FlushQueue.waitingTime90PNs,1744439370055000000,1744439429808000000,0
WriteAction.executionsCount,1744439370055000000,1744439429808000000,0
FlushQueue.queueSizeMax,1744439370055000000,1744439429808000000,0
FlushQueue.waitingTimeAvgNs,1744439370055000000,1744439429808000000,0.0
AWTEventQueue.eventsDispatched,1744439370055000000,1744439429808000000,0
FlushQueue.waitingTimeMaxNs,1744439370055000000,1744439429808000000,0
FlushQueue.queueSize90P,1744439370055000000,1744439429808000000,0
NonBlockingReadAction.finalizedExecutionTimeUs,1744439370055000000,1744439429808000000,120925325
NonBlockingReadAction.finalizedExecutionsCount,1744439370055000000,1744439429808000000,1
AWTEventQueue.dispatchTimeTotalNS,1744439370055000000,1744439429808000000,3803002
FlushQueue.executionTimeMaxNs,1744439370055000000,1744439429808000000,0
FlushQueue.executionTimeAvgNs,1744439370055000000,1744439429808000000,0.0
AWTEventQueue.dispatchTime90PNs,1744439370055000000,1744439429808000000,0
FlushQueue.queueSizeAvg,1744439370055000000,1744439429808000000,0.0
NonBlockingReadAction.failedExecutionsCount,1744439370055000000,1744439429808000000,0
ReadAction.executionsCount,1744439370055000000,1744439429808000000,7014
AWTEventQueue.dispatchTimeMaxNs,1744439370055000000,1744439429808000000,0
AWTEventQueue.dispatchTimeAvgNs,1744439370055000000,1744439429808000000,0.0
NonBlockingReadAction.failedExecutionTimeUs,1744439370055000000,1744439429808000000,0
Indexes.entries.lookupDurationAvgMs,1744439370055000000,1744439429808000000,0.0
Indexing.writesQueuedMax,1744439370055000000,1744439429808000000,0
Indexes.entries.lookupDuration90PMs,1744439370055000000,1744439429808000000,0.0
Indexes.entries.lookups,1744439370055000000,1744439429808000000,1
Indexing.writesQueuedMin,1744439370055000000,1744439429808000000,9223372036854775807
Indexing.cache.totalCacheEvicted,1744439370055000000,1744439429808000000,558798
Indexing.writer_0.totalTimeSpentWritingMs,1744439370055000000,1744439429808000000,0
Indexes.stubs.lookupDurationMaxMs,1744439370055000000,1744439429808000000,0.0
Indexing.writer_3.totalTimeSpentWritingMs,1744439370055000000,1744439429808000000,0
Indexing.writer_1.totalTimeSpentWritingMs,1744439370055000000,1744439429808000000,0
Indexes.allKeys.lookups,1744439370055000000,1744439429808000000,0
Indexes.stubs.lookupDuration90PMs,1744439370055000000,1744439429808000000,0.0
Indexes.stubs.lookups,1744439370055000000,1744439429808000000,0
Indexing.writer_2.totalTimeSpentWritingMs,1744439370055000000,1744439429808000000,0
Indexes.allKeys.lookupDurationMaxMs,1744439370055000000,1744439429808000000,0.0
Indexing.totalTimeIndexersSleptMs,1744439370055000000,1744439429808000000,0
Indexes.stubs.lookupDurationAvgMs,1744439370055000000,1744439429808000000,0.0
Indexes.allKeys.lookupDurationAvgMs,1744439370055000000,1744439429808000000,0.0
Indexing.cache.totalCacheMisses,1744439370055000000,1744439429808000000,360889
Indexing.cache.totalCacheAccesses,1744439370055000000,1744439429808000000,1974355
Indexes.allKeys.lookupDuration90PMs,1744439370055000000,1744439429808000000,0.0
Indexes.entries.lookupDurationMaxMs,1744439370055000000,1744439429808000000,0.0
DiskQueryRelay.tasksRequested,1744439370055000000,1744439429808000000,4128
parser.CSS.size.bytes,1744439370055000000,1744439429808000000,3933740
lexer.HTML.size.bytes,1744439370055000000,1744439429808000000,43665
parser.Makefile.time.ns,1744439370055000000,1744439429808000000,1971700
DiskQueryRelay.tasksExecuted,1744439370055000000,1744439429808000000,4128
lexer.CSS.time.ns,1744439370055000000,1744439429808000000,1185178381
writeAction.wait.ms,1744439370055000000,1744439429808000000,0
parser.Ini.time.ns,1744439370055000000,1744439429808000000,215200
parser.CSS.time.ns,1744439370055000000,1744439429808000000,2044834142
parser.Markdown.time.ns,1744439370055000000,1744439429808000000,318538290
parser.DotEnv.time.ns,1744439370055000000,1744439429808000000,95000
parser.DotEnv.size.bytes,1744439370055000000,1744439429808000000,27
parser.PHP.size.bytes,1744439370055000000,1744439429808000000,17644097
writeAction.max.wait.ms,1744439370055000000,1744439429808000000,33
DiskQueryRelay.taskWaitingTotalTimeUs,1744439370055000000,1744439429808000000,19853271
lexer.Ini.time.ns,1744439370055000000,1744439429808000000,64000
lexer.CSS.size.bytes,1744439370055000000,1744439429808000000,3933740
writeAction.median.wait.ms,1744439370055000000,1744439429808000000,0
writeAction.count,1744439370055000000,1744439429808000000,0
parser.Makefile.size.bytes,1744439370055000000,1744439429808000000,356
lexer.Makefile.size.bytes,1744439370055000000,1744439429808000000,356
lexer.Markdown.time.ns,1744439370055000000,1744439429808000000,129893094
lexer.Markdown.size.bytes,1744439370055000000,1744439429808000000,451717
parser.HTML.size.bytes,1744439370055000000,1744439429808000000,43665
DiskQueryRelay.taskExecutionTotalTimeUs,1744439370055000000,1744439429808000000,2361389
parser.HTML.time.ns,1744439370055000000,1744439429808000000,84629503
lexer.Ini.size.bytes,1744439370055000000,1744439429808000000,45
parser.Markdown.size.bytes,1744439370055000000,1744439429808000000,451717
lexer.DotEnv.size.bytes,1744439370055000000,1744439429808000000,27
parser.PHP.time.ns,1744439370055000000,1744439429808000000,7947385927
parser.Ini.size.bytes,1744439370055000000,1744439429808000000,45
lexer.DotEnv.time.ns,1744439370055000000,1744439429808000000,38301
lexer.PHP.size.bytes,1744439370055000000,1744439429808000000,17644097
lexer.HTML.time.ns,1744439370055000000,1744439429808000000,44512013
lexer.PHP.time.ns,1744439370055000000,1744439429808000000,1658608151
lexer.Makefile.time.ns,1744439370055000000,1744439429808000000,97699
VFS.fileByIdCache.hits,1744439370055000000,1744439429808000000,0
VFS.invertedFileNameIndex.requests,1744439370055000000,1744439429808000000,0
VFS.fileChildByName,1744439370055000000,1744439429808000000,49
VFS.fileByIdCache.misses,1744439370055000000,1744439429808000000,0
jps.load.project.to.empty.storage.ms,1744439370055000000,1744439429808000000,0
workspaceModel.do.save.caches.ms,1744439370055000000,1744439429808000000,0
workspaceModel.mutableEntityStorage.changeLog.addReplaceEventForRemovedParent.ms,1744439370055000000,1744439429808000000,0
jps.global.get.library.ms,1744439370055000000,1744439429808000000,0
workspaceModel.moduleManagerBridge.get.modules.ms,1744439370055000000,1744439429808000000,0
jps.facet.change.listener.process.change.events.ms,1744439370055000000,1744439429808000000,0
jps.save.global.entities.ms,1744439370055000000,1744439429808000000,0
workspaceModel.mutableEntityStorage.resolve.ms,1744439370055000000,1744439429808000000,0
jps.artifact.entities.serializer.load.entities.ms,1744439370055000000,1744439429808000000,0
workspaceModel.global.apply.state.to.project.ms,1744439370055000000,1744439429808000000,0
jps.facet.change.listener.before.change.events.ms,1744439370055000000,1744439429808000000,0
jps.app.storage.content.reader.load.component.ms,1744439370055000000,1744439429808000000,0
workspaceModel.mutableEntityStorage.changeLog.addReplaceEventForRemovedChild.ms,1744439370055000000,1744439429808000000,0
workspaceModel.mutableEntityStorage.to.snapshot.ms,1744439370055000000,1744439429808000000,0
jps.module.iml.entities.serializer.save.entities.ms,1744439370055000000,1744439429808000000,0
workspaceModel.mutableEntityStorage.mutable.ext.mapping.ms,1744439370055000000,1744439429808000000,0
workspaceModel.mutableEntityStorage.referrers.ms,1744439370055000000,1744439429808000000,0
jps.project.serializers.save.ms,1744439370055000000,1744439429808000000,0
jps.global.get.library.by.name.ms,1744439370055000000,1744439429808000000,0
workspaceModel.orphan.listener.update.ms,1744439370055000000,1744439429808000000,0
jps.storage.jps.conf.reader.load.component.ms,1744439370055000000,1744439429808000000,0
jps.apply.loaded.storage.ms,1744439370055000000,1744439429808000000,0
workspaceModel.moduleManagerBridge.newModule.ms,1744439370055000000,1744439429808000000,0
jps.app.storage.content.writer.save.component.ms,1744439370055000000,1744439429808000000,0
jps.global.initialize.library.bridges.ms,1744439370055000000,1744439429808000000,0
jps.facet.change.listener.init.bridge.ms,1744439370055000000,1744439429808000000,0
jps.library.entities.serializer.save.entities.ms,1744439370055000000,1744439429808000000,0
workspaceModel.mutableEntityStorage.remove.entity.ms,1744439370055000000,1744439429808000000,0
workspaceModel.save.cache.to.file.ms,1744439370055000000,1744439429808000000,0
jps.global.handle.before.change.events.ms,1744439370055000000,1744439429808000000,0
workspaceModel.moduleManagerBridge.build.module.graph.ms,1744439370055000000,1744439429808000000,0
workspaceModel.moduleManagerBridge.set.unloadedModules.ms,1744439370055000000,1744439429808000000,0
workspaceModel.global.updates.ms,1744439370055000000,1744439429808000000,0
workspaceModel.moduleManagerBridge.create.module.instance.ms,1744439370055000000,1744439429808000000,0
jps.reload.project.entities.ms,1744439370055000000,1744439429808000000,0
workspaceModel.delayed.project.synchronizer.sync.ms,1744439370055000000,1744439429808000000,0
jps.global.initialize.library.bridges.after.loading.ms,1744439370055000000,1744439429808000000,0
workspaceModel.sync.entities.ms,1744439370055000000,1744439429808000000,0
workspaceModel.moduleManagerBridge.load.module.ms,1744439370055000000,1744439429808000000,0
workspaceModel.mutableEntityStorage.changeLog.addReplaceEventForNewChild.ms,1744439370055000000,1744439429808000000,0
workspaceModel.mutableEntityStorage.changeLog.addReplaceEventForNewParent.ms,1744439370055000000,1744439429808000000,0
workspaceModel.moduleBridgeLoader.loading.modules.ms,1744439370055000000,1744439429808000000,0
jps.module.iml.entities.serializer.load.entities.ms,1744439370055000000,1744439429808000000,0
workspaceModel.mutableEntityStorage.entities.by.source.ms,1744439370055000000,1744439429808000000,0
workspaceModel.mutableEntityStorage.has.same.entities.ms,1744439370055000000,1744439429808000000,0
jps.global.handle.changed.events.ms,1744439370055000000,1744439429808000000,0
workspaceModel.mutableEntityStorage.collect.changes.ms,1744439370055000000,1744439429808000000,0
workspaceModel.load.cache.metadata.from.file.ms,1744439370055000000,1744439429808000000,0
jps.library.entities.serializer.load.entities.ms,1744439370055000000,1744439429808000000,0
workspaceModel.load.cache.from.file.ms,1744439370055000000,1744439429808000000,0
workspaceModel.global.updates.count,1744439370055000000,1744439429808000000,0
workspaceModel.mutableEntityStorage.add.entity.ms,1744439370055000000,1744439429808000000,0
workspaceModel.moduleManagerBridge.new.nonPersistent.module.ms,1744439370055000000,1744439429808000000,0
workspaceModel.mutableEntityStorage.put.entity.ms,1744439370055000000,1744439429808000000,0
workspaceModel.mutableEntityStorage.instances.count,1744439370055000000,1744439429808000000,0
jps.module.dependency.index.workspace.model.listener.on.changed.ms,1744439370055000000,1744439429808000000,0
workspaceModel.mutableEntityStorage.mutable.vfurl.index.ms,1744439370055000000,1744439429808000000,0
workspaceModel.moduleBridge.before.changed.ms,1744439370055000000,1744439429808000000,0
workspaceModel.mutableEntityStorage.modify.entity.ms,1744439370055000000,1744439429808000000,0
jps.load.initial.state.ms,1744439370055000000,1744439429808000000,0
workspaceModel.mutableEntityStorage.replace.by.source.ms,1744439370055000000,1744439429808000000,0
workspaceModel.moduleManagerBridge.load.all.modules.ms,1744439370055000000,1744439429808000000,0
workspaceModel.moduleBridge.update.option.ms,1744439370055000000,1744439429808000000,0
jps.global.get.libraries.ms,1744439370055000000,1744439429808000000,0
workspaceModel.global.apply.state.to.project.builder.ms,1744439370055000000,1744439429808000000,0
jps.project.serializers.load.ms,1744439370055000000,1744439429808000000,0
workspaceModel.moduleBridge.facet.initialization.ms,1744439370055000000,1744439429808000000,0
workspaceModel.mutableEntityStorage.entities.ms,1744439370055000000,1744439429808000000,0
jps.artifact.entities.serializer.save.entities.ms,1744439370055000000,1744439429808000000,0
workspaceModel.mutableEntityStorage.apply.changes.from.ms,1744439370055000000,1744439429808000000,0
jps.save.changed.project.entities.ms,1744439370055000000,1744439429808000000,0
cacheStateStorage.set.counter,1744439370055000000,1744439429808000000,0
cacheStateStorage.get.counter,1744439370055000000,1744439429808000000,0
cacheStateStorage.set.duration,1744439370055000000,1744439429808000000,0
cacheStateStorage.get.duration,1744439370055000000,1744439429808000000,0
FilePageCacheLockFree.housekeeperTurnsSkipped,1744439370055000000,1744439429808000000,0
FilePageCacheLockFree.totalHeapBytesReclaimed,1744439370055000000,1744439429808000000,0
FilePageCache.pageLoads,1744439370055000000,1744439429808000000,236
FilePageCacheLockFree.housekeeperTimeSpentMs,1744439370055000000,1744439429808000000,0
DirectByteBufferAllocator.misses,1744439370055000000,1744439429808000000,0
FilePageCacheLockFree.totalHeapBytesAllocated,1744439370055000000,1744439429808000000,0
StorageLockContext.competingThreads.max,1744439370055000000,1744439429808000000,0
FilePageCacheLockFree.totalPagesHandedOver,1744439370055000000,1744439429808000000,0
FilePageCacheLockFree.totalPagesWriteMs,1744439370055000000,1744439429808000000,0
MappedFileStorage.totalTimeSpentOnMappingUs,1744439370055000000,1744439429808000000,270075
FilePageCacheLockFree.housekeeperTurnsDone,1744439370055000000,1744439429808000000,0
FilePageCache.disposedBuffers,1744439370055000000,1744439429808000000,760
DirectByteBufferAllocator.reclaimed,1744439370055000000,1744439429808000000,320
FilePageCache.pageFastCacheHits,1744439370055000000,1744439429808000000,3951533
FilePageCache.pageHits,1744439370055000000,1744439429808000000,157299
StorageLockContext.competingThreads.avg,1744439370055000000,1744439429808000000,0.0
DirectByteBufferAllocator.hits,1744439370055000000,1744439429808000000,281
MappedFileStorage.totalBytesMapped,1744439370055000000,1744439429808000000,0
FilePageCacheLockFree.totalPagesReclaimed,1744439370055000000,1744439429808000000,0
FilePageCacheLockFree.totalPagesReadMs,1744439370055000000,1744439429808000000,0
FilePageCache.capacityInBytes,1744439370055000000,1744439429808000000,503316478
FilePageCacheLockFree.totalBytesRequested,1744439370055000000,1744439429808000000,0
FilePageCacheLockFree.totalPagesRequestsMs,1744439370055000000,1744439429808000000,0
FilePageCacheLockFree.totalPagesWritten,1744439370055000000,1744439429808000000,0
FilePageCacheLockFree.heapBytesInUse,1744439370055000000,1744439429808000000,0
FileChannelInterruptsRetryer.totalRetriedAttempts,1744439370055000000,1744439429808000000,0
DirectByteBufferAllocator.disposed,1744439370055000000,1744439429808000000,440
DirectByteBufferAllocator.totalSizeOfBuffersCachedInBytes,1744439370055000000,1744439429808000000,41943040
FilePageCache.pageLoadsAboveSizeThreshold,1744439370055000000,1744439429808000000,45
MappedFileStorage.totalPagesMapped,1744439370055000000,1744439429808000000,0
FilePageCacheLockFree.totalPageAllocationsWaited,1744439370055000000,1744439429808000000,0
FilePageCacheLockFree.totalNativeBytesReclaimed,1744439370055000000,1744439429808000000,0
FilePageCacheLockFree.totalBytesRead,1744439370055000000,1744439429808000000,0
StorageLockContext.competingThreads.90P,1744439370055000000,1744439429808000000,0
FilePageCacheLockFree.totalBytesWritten,1744439370055000000,1744439429808000000,0
FilePageCache.uncachedFileAccess,1744439370055000000,1744439429808000000,2182
DirectByteBufferAllocator.totalSizeOfBuffersAllocatedInBytes,1744439370055000000,1744439429808000000,41943040
FilePageCacheLockFree.nativeBytesInUse,1744439370055000000,1744439429808000000,0
FilePageCache.totalPageDisposalsUs,1744439370055000000,1744439429808000000,146
FilePageCacheLockFree.totalClosedStoragesReclaimed,1744439370055000000,1744439429808000000,0
FilePageCache.maxCacheSizeInBytes,1744439370055000000,1744439429808000000,502267904
FilePageCache.maxRegisteredFiles,1744439370055000000,1744439429808000000,1416
FilePageCacheLockFree.totalNativeBytesAllocated,1744439370055000000,1744439429808000000,0
FilePageCache.totalPageLoadsUs,1744439370055000000,1744439429808000000,67983
MappedFileStorage.storages,1744439370055000000,1744439429808000000,0
FilePageCacheLockFree.totalPagesRequested,1744439370055000000,1744439429808000000,0
FilePageCacheLockFree.totalPagesAllocated,1744439370055000000,1744439429808000000,0
JVM.usedNativeBytes,1744439370055000000,1744439429808000000,303442048
JVM.threadCount,1744439370055000000,1744439429808000000,71
JVM.totalTimeAtSafepointsMs,1744439370055000000,1744439429808000000,55647
JVM.newThreadsCount,1744439370055000000,1744439429808000000,3
JVM.totalBytesAllocated,1744439370055000000,1744439429808000000,12968232912
OS.loadAverage,1744439370055000000,1744439429808000000,-1.0
JVM.maxHeapBytes,1744439370055000000,1744439429808000000,2147483648
JVM.totalSafepointCount,1744439370055000000,1744439429808000000,52
JVM.GC.collectionTimesMs,1744439370055000000,1744439429808000000,552
JVM.GC.collections,1744439370055000000,1744439429808000000,23
JVM.totalCpuTimeMs,1744439370055000000,1744439429808000000,143735
JVM.totalDirectByteBuffersBytes,1744439370055000000,1744439429808000000,53526075
JVM.totalTimeToSafepointsMs,1744439370055000000,1744439429808000000,2010
JVM.usedHeapBytes,1744439370055000000,1744439429808000000,719323136
JVM.maxThreadCount,1744439370055000000,1744439429808000000,92
workspaceModel.workspaceFileIndexData.markDirty.ms,1744439370055000000,1744439429808000000,0
workspaceModel.workspaceFileIndexData.onEntitiesChanged.ms,1744439370055000000,1744439429808000000,0
workspaceModel.pre.handlers.ms,1744439370055000000,1744439429808000000,0
workspaceModel.full.replace.project.model.ms,1744439370055000000,1744439429808000000,0
workspaceModel.to.snapshot.ms,1744439370055000000,1744439429808000000,0
workspaceModel.workspaceFileIndexData.init.ms,1744439370055000000,1744439429808000000,0
workspaceModel.workspaceFileIndexData.getPackageName.ms,1744439370055000000,1744439429808000000,0
workspaceModel.cachedValue.calculated.count,1744439370055000000,1744439429808000000,0
workspaceModel.replace.project.model.ms,1744439370055000000,1744439429808000000,0
workspaceModel.workspaceFileIndexData.getDirectoriesByPackageName.ms,1744439370055000000,1744439429808000000,0
workspaceModel.collect.changes.ms,1744439370055000000,1744439429808000000,0
workspaceModel.workspaceFileIndexData.processFileSets.ms,1744439370055000000,1744439429808000000,0
workspaceModel.workspaceFileIndexContributor.registerFileSets.ms,1744439370055000000,1744439429808000000,0
workspaceModel.cachedValueWithParameters.total.get.count,1744439370055000000,1744439429808000000,0
workspaceModel.initializing.ms,1744439370055000000,1744439429808000000,0
workspaceModel.cachedValue.total.get.count,1744439370055000000,1744439429808000000,0
workspaceModel.cachedValue.from.cache.count,1744439370055000000,1744439429808000000,0
workspaceModel.updates.count,1744439370055000000,1744439429808000000,0
workspaceModel.cachedValueWithParameters.clear.count,1744439370055000000,1744439429808000000,0
workspaceModel.workspaceFileIndexData.visitFileSets.ms,1744439370055000000,1744439429808000000,0
workspaceModel.workspaceFileIndexData.instances.count,1744439370055000000,1744439429808000000,0
workspaceModel.updates.ms,1744439370055000000,1744439429808000000,0
workspaceModel.cachedValueWithParameters.from.cache.count,1744439370055000000,1744439429808000000,0
workspaceModel.init.bridges.ms,1744439370055000000,1744439429808000000,0
workspaceModel.entityStorageSnapshotImpl.instances.count,1744439370055000000,1744439429808000000,0
workspaceModel.workspaceFileIndexData.getFileInfo.ms,1744439370055000000,1744439429808000000,84
workspaceModel.cachedValueWithParameters.calculated.count,1744439370055000000,1744439429808000000,0
workspaceModel.updates.precise.ms,1744439370055000000,1744439429808000000,0
workspaceModel.loading.total.ms,1744439370055000000,1744439429808000000,0
workspaceModel.on.before.changed.ms,1744439370055000000,1744439429808000000,0
workspaceModel.on.changed.ms,1744439370055000000,1744439429808000000,0
workspaceModel.loading.from.cache.ms,1744439370055000000,1744439429808000000,0
workspaceModel.cachedValue.clear.count,1744439370055000000,1744439429808000000,0
workspaceModel.workspaceFileIndexData.updateDirtyEntities.ms,1744439370055000000,1744439429808000000,0
workspaceModel.update.unloaded.entities.ms,1744439370055000000,1744439429808000000,0
workspaceModel.check.recursive.update.ms,1744439370055000000,1744439429808000000,0
